id,student_id,parent_user_id,relationship,is_primary
2e8b2c02-79dc-404d-9f07-822d0379f1de,a654b3c4-50e2-4e6f-a5ae-6a29204f3853,63337081-b113-41f5-9dac-d8800250d329,mother,True
fecc56d3-64d8-452b-b9b8-e409028c5325,a654b3c4-50e2-4e6f-a5ae-6a29204f3853,aac04f26-e711-4a17-b37a-a633084891b1,father,False
d2771dd5-741c-442c-8ece-bd1427f7960b,7419ed6c-b885-4696-beaf-107ba46d6ff6,1d0bf5ad-2154-42b0-a9a3-8164b996a53e,mother,True
1154017f-3165-4a32-85b0-74b95761c85f,c6488898-8dcf-44fc-8838-274f632d8bc8,52706bd7-5d26-412d-a8d7-b98959d48d74,mother,True
8e62d7c4-e8c2-4dcc-9561-b1ef2b0d0b00,899f4302-6616-44ef-9bcc-e554ef6b2f9e,6c42bde9-8922-48e6-b748-3b5fd68e4ecc,mother,True
613058f8-cc2b-4663-8d6a-79dbea6a1703,899f4302-6616-44ef-9bcc-e554ef6b2f9e,6d8f463c-e0fe-4d63-b512-9e22a1e9da08,father,False
537adbcc-ff94-436d-b974-748563745c7c,48f71c24-143d-4acd-8ca1-9a7b3a844535,835420af-9d2a-4a6a-a672-fdd2c1a37b5e,mother,True
4325ff4d-867a-4ce2-b622-ab40a49f9d7f,48f71c24-143d-4acd-8ca1-9a7b3a844535,60b1e96b-8248-467a-b44c-10151bf15315,father,False
cbf84fc3-d9c6-4168-a6ca-a4b9f00ec35a,d27cdb49-a2c6-4a2e-934a-3dce7a77ea21,7aec27c5-1ef2-406c-a4ff-595a107a9d6c,mother,True
27d8bad6-9291-48be-ac15-9c95808a24d5,d27cdb49-a2c6-4a2e-934a-3dce7a77ea21,b37bd71d-ea81-44eb-9b0e-64c349ce8af2,father,False
68223f81-709c-43ba-bd76-363ccaeb9df2,4a251595-303b-4687-ab96-39ab6c133912,ec762707-3d21-4a5d-a51b-1e85a9e96b68,mother,True
9e58b475-275e-4494-abb2-420fcfa829b0,4a251595-303b-4687-ab96-39ab6c133912,473337a0-6517-48c8-b2a2-f88b62900a73,father,False
ec11f901-3e6e-4839-91f1-c4a7ce4b56fc,1af21662-0574-4cc3-a41a-39005eaf1d7a,b015f6c4-02bf-49a3-a0e4-d57d780c3fb5,father,True
85ca60e3-b967-40ac-9bd0-8c8bd3f601f4,c7275b0e-c642-4888-bc85-4d4dd0f52b87,f79f1152-78b3-40c9-9603-501bd0bf40ad,mother,True
4cc93bfa-68d6-4e6f-8417-47f8c6b78382,c7275b0e-c642-4888-bc85-4d4dd0f52b87,05c82fe7-b9df-4ed8-a71f-a41575b0d9aa,father,False
3824c2ee-19be-4b42-87b7-1ea2c7c23798,2c114253-6a98-4428-bef3-0cadf3e12103,209a8715-2def-46e2-9990-98e744aacc65,father,True
00df9dec-2aa8-4f2e-9602-9bdc802475f8,dfc95384-6cd7-49cf-9280-a75a13715302,44637b5c-5f5f-458d-9ff5-0fc777b7460d,mother,True
6c8ef404-4efa-49f1-9085-d8d616d371fa,dfc95384-6cd7-49cf-9280-a75a13715302,1841f6cb-cef5-43eb-87f6-febbedb007b9,father,False
2f76eda6-47b5-4bb7-96c7-8f76fc69cad5,5275eb81-ddb4-4e84-a7d5-cf07c9b9b5c0,e66a1788-72e1-4493-9d7a-7d4c15d7408d,guardian,True
be5fa478-03c3-43d6-8544-ce544366e255,bbf1dcbf-3b6e-46cd-a56f-4d5049933014,98d3b9c6-b9db-4a37-84d2-36e2224f1c71,mother,True
b986b2bc-9f02-4b9d-a7e5-aee3d1f5197d,bbf1dcbf-3b6e-46cd-a56f-4d5049933014,80f5644a-442f-4c98-8daa-d09b75ae03cc,father,False
e4ca2e13-6f3a-48df-855e-0c438e334b1e,1e1be730-3dab-4883-bbac-7c52299bf4ac,70b571de-b8a7-42f1-9282-2b3beeff3184,mother,True
2fd9c597-36fa-4548-a3c5-cd816467543e,1e1be730-3dab-4883-bbac-7c52299bf4ac,fcb09ac3-e771-4118-81ee-5a8c9c52a420,father,False
175d87eb-2c5a-47a3-9b24-2a1354730bb5,f19e3489-a7b0-40fc-a5b4-adc7eb75efc2,c2385516-74c7-4de2-b18d-971418967616,mother,True
1728d371-39a4-43fe-b714-ba68fc664dfc,f19e3489-a7b0-40fc-a5b4-adc7eb75efc2,8cf92b2b-274c-4459-87e1-8b2333af838b,father,False
3f0bf242-a36a-4476-bef0-b0e942a8aa39,fbed3430-d7ca-4388-81b1-14356dd475ca,6eade272-b775-44de-9630-f15a870b4634,mother,True
a54752bd-8599-4b61-b9a0-80a8eebcd181,fbed3430-d7ca-4388-81b1-14356dd475ca,06cad11d-f6dd-4e30-9ed1-bb4db0f0df79,father,False
3d300226-d220-4479-858a-38f8c706007b,9621e790-fd5e-4832-97c2-1efe52645eda,bace50c1-0be3-4ae9-bed9-7045edd39729,mother,True
c5e4e4a0-61de-40c0-808e-51a5b973c62e,9621e790-fd5e-4832-97c2-1efe52645eda,cfbeea34-6fb1-4466-886b-a86bb29d4470,father,False
34b61584-06f2-46de-8d91-7743b0121748,7c6867ed-fe7b-4caf-9676-6581eaaeeedf,3c97afb0-06f4-4814-9360-6b86727e4415,mother,True
d9930f26-1937-4f49-be13-ae5af78a102d,7c6867ed-fe7b-4caf-9676-6581eaaeeedf,93e9af88-ffd3-4716-9446-3bd86698b7f7,father,False
5b590829-f01d-4c81-964e-50dd3add36f4,36d32f74-b218-4373-8093-b4ea9c156a34,7ac821fb-5a34-4fef-aa8f-2bcc2978f71f,mother,True
b06f0f86-3784-4647-8a77-ebb3983b7501,36d32f74-b218-4373-8093-b4ea9c156a34,8da8d0fe-03fb-48b0-8a2e-3ba3f9dd5745,father,False
ee508f4e-01cf-4d3c-9899-b30f3cdf8e58,e1d85deb-2b85-43ef-95f2-0cc89dd240eb,6c26cbe5-df70-4d92-9216-4e34794232a4,mother,True
68a5b0d6-d8db-4a99-824c-cdd27171f04f,1d0169a1-92d3-4729-9e7e-1cf21d4bc629,b3ecef71-eb6a-4f75-b0f7-cb0d0f5fc0c9,guardian,True
bd5d9f46-5044-434b-8112-4b52323231ac,12c01558-f8bf-4ba7-91db-723a01d30eed,1d0dda9b-6aec-48da-abb8-c0ae1045abb0,mother,True
ee13badf-6a63-4ce0-874c-5213b317dbd9,12c01558-f8bf-4ba7-91db-723a01d30eed,1f5642e2-ffed-4ce3-9b00-718f11f43c14,father,False
74ad343b-69ef-4c3a-b7a7-39cb20d19b55,920caf44-cd63-463b-baba-3c2153fbbc7c,202d8a16-7b93-483b-90ab-6f11a68bd76e,mother,True
d1657406-a3b5-43de-baa7-ae1c5dabd1ec,920caf44-cd63-463b-baba-3c2153fbbc7c,f3de9cc4-267c-47cf-96d7-7478a8f40a7f,father,False
154b03cf-3856-4a48-bdd4-b495d8a39c3c,d78edf6e-09ec-4603-81d6-70d51d08ea77,e6569834-dd2e-487d-bf93-3c87e7dd5840,mother,True
28bfa3e8-0a14-473f-a70e-b87cfb7333f7,d78edf6e-09ec-4603-81d6-70d51d08ea77,1d0d0593-c667-418b-8429-62c7c1ae398e,father,False
ce9db8b3-8ce7-44d4-b0b8-d742a1b0fb4c,bbee3f5b-6396-44d5-8c6f-9f51da4ff388,3fecbe25-63d5-449d-aead-adffbe19a7d2,mother,True
c3d2a1d0-9f2d-415d-882a-d22371919fbb,bbee3f5b-6396-44d5-8c6f-9f51da4ff388,a01805fd-0400-4ba4-bfbe-e5485a942a94,father,False
36a15938-4e8b-45ec-aa52-eea5d64e5b2d,adda2b65-c5c8-468c-aef9-9bb0b4cb25d1,eb5362eb-4f57-4fe9-930c-372877119c5d,guardian,True
a87bae28-23c6-4ebd-a781-c056193bf6c3,7bd462fb-9967-45b1-9206-c450cd695e8b,2a6a42cb-7477-4f60-949a-8e38b02d4439,mother,True
b72d7d0b-411f-4405-af84-34bad0faf89c,cb1a7804-4ecb-4748-983d-ef9220aaf693,219a835e-5efd-4488-8cf3-72011e2967fd,guardian,True
ddc20e17-ec75-4410-bd4d-a74e8b344cf6,cce11e50-b7a9-487a-af2c-f5a0a270d831,819d620a-a0a2-4392-a8fc-4d4a65eb87f2,father,True
dd2013cf-0d31-4fc2-a658-c2f40e813e10,f9699e4d-7b5d-4464-b25e-2cd44ad8227d,2b09bd53-2f62-482e-ad41-b56d93c7edb6,guardian,True
53de6075-3188-4e39-9fbf-90c044114321,f3280b26-3892-40ef-8766-f661a6172d92,231733d2-da1f-434b-ac39-b899e6a0d856,guardian,True
3fb73be4-1eb9-4dff-ab02-0a968afa1607,61586fbe-30bb-4e76-827e-693fc056ff22,8fd9568a-32c5-4faa-a8bd-5ab8a90ebe1c,mother,True
f14754b4-fd82-4dfc-a5ad-2fc4a914b124,61586fbe-30bb-4e76-827e-693fc056ff22,66d814a5-3287-41a1-8bc2-77d0924d7d9f,father,False
c1a9b3ca-1b38-4ac4-b730-46cbf9ae4566,23051ecc-4d89-4dc1-bc90-8b7c48eb3bc1,72604b0c-d05c-47e8-b910-a179d8dee826,mother,True
5338f241-0d64-4415-b18f-39d2e33dd94f,23051ecc-4d89-4dc1-bc90-8b7c48eb3bc1,bfb5e9d6-2e1c-467c-ae7f-0303b85aee6b,father,False
7e616ab6-d41a-4a9e-89f8-1ee1dfe53fe3,ac27d7d9-aaf7-4f0e-b18b-c450a05e58c5,8afe67ec-b8a0-4e86-bb3f-b22e505a4922,mother,True
815b4651-cd90-48f7-b359-10ef5ba85098,ac27d7d9-aaf7-4f0e-b18b-c450a05e58c5,a204700a-9d2b-4803-a89c-e334d1ec94ce,father,False
c1af7685-3fe3-495b-a38d-096677366d4c,f066bf97-59f8-46d5-8d40-ef36f820f04a,85e7b64d-a51a-496b-b3a4-ef2a24dcb6df,mother,True
0c00d68b-e255-49f3-a1e5-64cf9231471c,f066bf97-59f8-46d5-8d40-ef36f820f04a,fb5c1679-7659-495a-ae21-94ce4a9da9de,father,False
853cfd82-2f6a-4896-841b-14f95e50a2dd,2c2919e5-0dcd-4b76-a923-eaf99f7b26b6,02dd87c3-d292-42ae-99f5-506d92dffe72,mother,True
66e5b57f-1abe-43e1-9aa6-bcbfb89d9e7d,2c2919e5-0dcd-4b76-a923-eaf99f7b26b6,2959e80c-e5d8-4b42-ab59-79336795932f,father,False
6e83c8fd-95f7-46bf-9cd5-da5dfcb70609,a311c195-0134-4bf2-a66c-f02fde3b846c,fa627f1e-064e-454a-8449-93069303110f,mother,True
8cbf2229-380f-49bd-be94-6bea7286bbdc,db26c482-2e80-460c-b94f-e1ff7bfd54e8,bb231f72-1598-49f9-83a2-f168722d7cf9,mother,True
9ceeb99e-d494-493e-a2f4-02e77d34de2e,dd4b60e9-daa4-4f5b-a358-31b377ee5fd1,8b7d6407-cc93-4a50-bb6f-6bedcb619173,father,True
eb62a90b-cc2e-4b3a-a68e-ccaa4c457c83,a8fc182f-b8b4-4cb2-a72d-b429d829c278,50c4a9b7-ca4d-4524-9e45-c9aa3f42a427,guardian,True
e49fe4fa-a268-4c1c-8ed5-48b5da3696eb,08835c85-4906-4913-9ebb-d29738171539,f7344091-327c-46f8-a2d9-d9091e2c965f,father,True
ac269aca-47f1-49b1-b83b-2b8b931836da,afd990a7-3781-48ec-9633-3ce2d16ac891,c8693f8f-70be-404a-8f93-b823f848b15a,guardian,True
c808be99-f055-41ca-8ab2-abaeb27b38a1,3607b7ec-4958-4300-b2ff-7e49af73e3ff,d281c01b-2de6-4b41-9694-afc7a6a3663b,mother,True
3323a1bd-3c69-4f27-a05d-759fd82d8bc3,3607b7ec-4958-4300-b2ff-7e49af73e3ff,d6cc4d6b-c94b-4b48-ae61-949d776a86d2,father,False
46904df4-078a-46dd-9150-5c8fb5358dbd,cb9c7961-91ca-47a1-9d38-533ec436e99a,01e594ac-6a87-4b67-b9cb-e31a525c8511,mother,True
a6f739fc-9249-407e-9a55-e6e7b16a4506,1c2cf72b-cf85-4fe4-8709-f816928d02de,668ff68b-d715-470c-abdd-c489f0cc6677,mother,True
7790d234-50a8-4fc6-9886-1d8e7eb27e60,aa653a5c-6aad-427e-a103-b588d5386dab,fc09a091-f738-4563-b292-4f8addd06f02,father,True
5a4e2c5c-8958-41c4-ba61-a9958d029d7f,11c30fd7-f402-4051-9a9c-5b4b79bd80af,0550e0b0-db79-4788-9215-80d7581ec089,mother,True
010daa98-ccc4-4106-b57b-f368396828c6,5a726ec7-3e82-4fa2-a653-aa20463fcfa6,c8ec5e04-5b32-4516-9a8a-f5caac057b11,guardian,True
7d7f0cfe-ac9a-47ff-a131-17ef07496444,9ae73f5a-1585-498c-9d1d-3af42ccc18ca,453ffd63-5e66-4128-aa87-233ae996b2bf,mother,True
d4634274-8d50-46f1-9f79-f9b1b0839d15,0513efa8-a7bb-4a84-8df3-bca4deb29883,3a0f02eb-f6ca-4f0e-a7b1-e156414c6317,father,True
651f6a77-beff-4a23-9681-229d54bee71f,6329dc6d-5739-4964-8c36-ca1872e915dd,04495450-fbe2-4600-b406-b6cfc2d2dc62,father,True
04185702-0da9-40f4-b461-3ef16a040232,6a391b4e-93d8-4e3b-a290-e8a9de1e7717,d8bdeaac-6eea-4354-81f2-5b9f79994268,mother,True
124d9978-8a30-4b06-929d-8f20793ddf84,6a391b4e-93d8-4e3b-a290-e8a9de1e7717,61aa16c8-aaf2-48d9-81b6-2f8c8be22333,father,False
414fdd9a-0496-4f59-b6e0-df321828a001,408e6758-7e6c-4455-84ec-48205302f875,be45240a-f863-40c5-bd6a-39ca47a79ee6,father,True
b5faedd5-459e-4edd-943f-9eeaaa08d1cd,bed9419b-b0a3-40a3-aa32-5e574c68e381,b99e8a8d-95ca-41e9-828d-ec673ae43067,guardian,True
c75d158f-b900-40c8-9242-c384bd7f0b96,386d1b00-1c43-42fd-a320-58288a95ed47,af8025b1-59e2-4ea9-9209-75a75140ec5d,mother,True
324f5268-dbb6-4840-be9b-4257b05d9291,386d1b00-1c43-42fd-a320-58288a95ed47,7d9099bc-95ef-4b05-972b-7a5105698a0a,father,False
eaee8f5a-95af-4342-a3f6-2d2ac726744b,39c57bdb-fb26-4a24-8a99-15e09948123a,195eb1d2-5d42-4380-bb0b-19902033e971,mother,True
07ee8d68-38b0-4fc6-85ab-eec170a5ad48,00a6c55c-68ae-44d3-bd07-c5adf22b2e10,64a33c8a-d3bc-4503-b826-0a203a6eca05,father,True
3ae4031a-a911-4b23-b657-405318752a44,7366d573-a306-4799-b3dc-b307892fa06c,ae54ef6b-837e-4e19-9b99-67e6be551d76,guardian,True
d7ea8707-0b7d-4f0e-bcda-8b10ec937a6f,324c5043-02af-4a34-be5e-ed82c2de89d9,64760fc2-21fa-491a-af20-55c625a24c4e,mother,True
276da6db-f356-4762-a026-14c8841bd76f,324c5043-02af-4a34-be5e-ed82c2de89d9,50b25f27-275f-438b-8a82-54a607f4dc31,father,False
66a9e1ef-63e7-444e-8335-9dc02f95decd,1b61165a-509e-4ca3-9775-d1da5d67194e,d43db35f-9e69-4391-b7ca-5bc35c0d6a87,father,True
1bd64480-c6b4-4ab1-ab06-ec191dcf15ae,277be454-bf7f-4714-96aa-be5829495ef1,1b910150-fcfc-47b7-b438-53ed37cafb40,mother,True
daebf1ce-e8cc-4cfe-b927-40092c483753,277be454-bf7f-4714-96aa-be5829495ef1,13c9dee0-975f-4dc7-8f8d-0ee815282298,father,False
012dbf88-b4ac-4ea7-b125-00016783d339,483ec5ee-b670-4ca6-ae81-67c582be6cf5,70275468-2190-457c-91e9-7e17951ddc36,mother,True
74a9989c-cc9c-4af6-88e7-5b5891ee470f,483ec5ee-b670-4ca6-ae81-67c582be6cf5,cf9c9f71-6656-4f01-932a-91019d9bb7c4,father,False
724b2e06-20e9-4ff0-b9e9-ba54780bda90,8dcb21f7-fc52-434a-abed-938316fd91aa,8f2d71ef-76c8-49c5-bd97-5bcd1a7b3ff5,guardian,True
b2187ede-3dba-4c6d-baa5-c5742bfc40d3,016a27c9-a677-4dc7-a17e-b5dd3122b383,a94922d1-a569-478e-9795-6ad792965884,mother,True
95e3fd0f-2461-4954-adc8-01c5e5df2ff4,80e40fa3-8a8c-473b-a6e5-224f3d62ec31,e271f7cb-24bf-4bef-a76c-93324a68243c,mother,True
c2b71051-931e-41a0-af88-061be145235c,80e40fa3-8a8c-473b-a6e5-224f3d62ec31,104400d3-58cf-48b2-9914-c3f6d4603554,father,False
163cb5c2-68f6-4f8e-9947-1eccaf580ae8,504ebebf-81cb-428e-b8c3-35cf730e0d61,69145ae3-d005-4fd5-b0f9-a286287f2b93,guardian,True
504a78d6-3196-467a-a0a2-5e84c7ec6538,43199763-5bc8-47b9-a7c2-382a75a0c410,7d7d0827-56ef-4e6a-a6b4-4ed33427d115,mother,True
fd7bed21-80d3-4c2e-a8b7-13881200d596,5a5413c9-218b-4e05-9cc3-9d551c0c7969,9659f068-25bf-4ba5-9f81-5c68402b4fa3,father,True
96c435a8-b88a-48b8-ab34-3b3dc88072ee,92a945aa-d00e-46cc-b579-72cac1396b21,4e156616-17ad-4220-ac85-bd20d1e4c69b,mother,True
6da37d04-053c-458d-a7d1-c3710bde51eb,92a945aa-d00e-46cc-b579-72cac1396b21,108d6882-33b8-4ae0-8129-18103c86f60b,father,False
6817c63c-c160-47de-a177-d547e88972ca,4211e4f7-6538-47ae-b17f-9985ac0d62d4,99cf3401-950a-4b73-b9e0-66da1808818f,mother,True
84484bae-78fd-45ad-8a57-cd689f41036f,4211e4f7-6538-47ae-b17f-9985ac0d62d4,fc248173-c2b2-4549-a233-c3d809c8b398,father,False
27db2778-b7b1-436e-934a-487b32b3bed0,e6c39b1c-aff9-4d2a-af09-5059734b843e,4c2daed5-052e-4417-97d7-a33e5888c931,mother,True
5ee855b6-f4e6-46ad-84fa-5e3da10c39b2,e6c39b1c-aff9-4d2a-af09-5059734b843e,44df02c6-20ad-4f17-819a-96d54075e430,father,False
1bd22442-aacb-4efc-93b7-0d2cee9c5c73,30d941f7-ce96-4cbe-9666-630876be06a3,3e430870-8a41-4565-89c0-a3514f13a8dc,guardian,True
ac03f57e-1914-4743-ae6f-be43804ac208,5f5b6824-2866-4c60-a58a-c08a5e4f748f,afb97ccd-30b2-4541-90d1-a85f59a28161,mother,True
e06efd68-79a9-40a0-b28e-c3c1d8934dad,5f5b6824-2866-4c60-a58a-c08a5e4f748f,bfc9a9c4-4f3c-40f7-afd7-d43d4eb862ad,father,False
cfb79fdd-ee68-487c-bf93-e6a58a27852c,d0083cd1-5bd2-49e0-a1db-7a6da077b29a,5ee5d711-b84a-4f43-86f1-830f9cf23d7a,guardian,True
e14904a7-f841-4ca5-97e5-0690367eb236,c89c03af-dc59-4cb7-a7a1-9486f987509f,9fd3b6da-618f-456f-a95c-5035ddf21663,father,True
8735896c-4237-4149-9b33-4f666d7af23f,b39db198-e8ba-4766-82df-3f78ba818cad,8f7e654d-d0e2-462a-99f4-6f717974180e,mother,True
37c88159-b231-41b7-aaad-9ccdc4768779,b39db198-e8ba-4766-82df-3f78ba818cad,9552ef70-147c-441d-96d4-ef743e482795,father,False
c4716402-62f3-45c0-ad84-b867f691eef5,47095378-e444-4847-8b6b-f71dfbb714fc,8550ea31-114a-42fd-a72a-3a48cc9f1832,guardian,True
5d60321c-f9e9-43df-ad57-8e6a1ffa2a21,b7b42099-a532-4dba-bf6f-79733ea6534a,fcf6002f-3885-4b4a-a40e-116cae884841,mother,True
acf592e1-10d3-4eca-936c-410cd6dd9619,b7b42099-a532-4dba-bf6f-79733ea6534a,ac436e8d-8c6a-4b24-9310-454f20872289,father,False
8ae046b9-7c09-471d-9cae-40bd797b60a7,643bd4f4-4832-4edc-949e-1d68a504016e,e4388a0f-ed18-4ebc-be8a-bcf5a742caf9,father,True
0b7b45f4-6c25-4dba-a4d3-fad8e6b3f827,adbe0075-ca06-4014-a4b4-4dc787ad00b8,8b0e85ea-d3df-465c-bf84-38b1863b94ba,mother,True
be113177-ec5a-443d-ac6c-d1c8a1095aa5,adbe0075-ca06-4014-a4b4-4dc787ad00b8,0d417423-48fa-4d29-bc10-5e685bb6f1a9,father,False
962810f2-5896-40ee-b673-f944c8fb88d0,48f59332-0a52-4e9a-a969-5a3952a3cc1b,e1d0a8b7-3217-4cac-a844-dbfe6b7496fb,father,True
01440018-ec15-4eee-976e-651526b518c8,29612af5-765a-4bc4-8c5b-56640dd34760,9bc2eb36-484e-4e39-9b58-9ce24c61cca0,father,True
74c247aa-db52-4d93-a436-376e342e5a74,17b82d29-4b46-47b8-8164-23303a599dba,7c6e581c-dab6-4d52-b7b5-c500b11b8c7c,mother,True
9da7460c-c7f9-4259-9124-3716bfb5fa38,97360c1a-3268-4ed7-b23e-aa4449558fe2,2d72ed01-7799-4457-8ef0-d1a56d9136c6,mother,True
840e0f07-5e5c-456b-b670-9e2ede0156aa,97360c1a-3268-4ed7-b23e-aa4449558fe2,14a0d373-d31e-4e9a-a5fd-284020ef3c1b,father,False
6d77bb61-c397-4ff0-b62c-626cb38d9665,362b71a8-5f8d-4b5d-bddf-abdf34db0071,56ca5606-f793-4b51-9317-176f3e901550,mother,True
05b3f76e-a57f-4d27-88e4-6c06a37518dd,362b71a8-5f8d-4b5d-bddf-abdf34db0071,9543dc19-d784-4218-91b7-379ca77a4994,father,False
034bede7-da34-4faa-b7c3-08b65229a1f1,361cc46d-cdb0-4470-8d2c-068180ea09e9,496b1776-a6e7-4231-8627-79902628a3f7,mother,True
0009fa2a-9772-4da5-a974-585ff6197265,361cc46d-cdb0-4470-8d2c-068180ea09e9,4dc2383f-96c4-41c6-b607-da59e7d88145,father,False
50e31c01-b67e-42f3-8654-6f5097ca5796,38e836d5-062d-475f-bda1-15955a075ec1,46934281-e5be-4052-a3ab-40b5f56d3683,guardian,True
db0f1a24-8992-47e3-98d9-5efdc8e94442,14a12dc4-98a2-422b-bdb0-f7985cc37a35,27d65b3d-b858-439d-99d9-65757a592447,mother,True
3b0084fb-7405-4481-a168-6496749001f2,14a12dc4-98a2-422b-bdb0-f7985cc37a35,bca30356-e07e-491c-ba69-8dd6c4cedb23,father,False
e742298d-e161-4fcf-8672-6d22b130f84e,fbd0a673-a149-4377-aa44-20d4ee434e0b,cf40abc4-f8ae-4ca9-b537-20ae0dde04a2,father,True
12eb41d6-ad0f-4e0c-bbc0-5c403f46b9b9,d29660d9-942a-44cb-a3d8-1ad333ed6f22,9ecdb31c-fffc-4c24-8996-29874cb46392,father,True
c108ae2e-02c0-4dfa-a09e-d47566fa1ad6,cce02a22-b42d-4d39-9032-82fd80a2d345,1eac7e30-7ee1-451d-9660-e5dccfd8c294,mother,True
ebd49a4d-6ebf-4796-827c-705a6fe53996,cce02a22-b42d-4d39-9032-82fd80a2d345,56f8703e-d058-427b-83cc-08738dab5abb,father,False
cc4ddb40-c5a9-49e9-a805-ad4c283dc633,7414b8bd-6f7d-4e87-8e5c-f8175d796b4f,d9029232-1178-49f4-bb37-b4488a9199a1,mother,True
e89dc8e1-8f1e-46f4-bb8b-76205a97521d,7414b8bd-6f7d-4e87-8e5c-f8175d796b4f,748ef336-b05c-4f69-8623-8a8b765cae82,father,False
c7735583-332c-4a36-90b9-5a734abbaa98,16602159-b3ae-4a33-b017-03148ab676dd,a47cb6c3-cb55-4b59-a425-c606eabb2b2a,mother,True
82d8cbc2-5573-462d-ba0b-4525eff90d97,16602159-b3ae-4a33-b017-03148ab676dd,b04ee07c-ea85-47ca-a126-1445e2425886,father,False
935a7c6f-f83e-4f48-8898-4caa36585852,67870e34-9503-4dbf-b9b3-bc2920893ab6,34cc1ceb-61b6-48b4-89c7-1a813992347a,father,True
adf60340-90e8-443e-93b9-dce2ad9ac006,4538c2d6-e85e-41b5-8b00-b6f0eff17959,5efdd355-3a4a-4ffe-8ae6-e210cc49aee9,guardian,True
626056ed-29c9-4f8d-99af-e19daf31a1af,7a5d7e56-e1e3-453e-b390-6e8463f29b93,03cbe2b6-a01e-45a7-b4ea-3a0d9b61ffa0,father,True
d3b1f784-5f54-42e9-bcf9-99f7f9994d75,998119c8-a82d-42fb-8ade-5abbcd38e379,11e042c0-3417-4681-8047-074514472cb0,mother,True
ebad3366-d183-4c2b-a093-3b6b7c1e9c43,998119c8-a82d-42fb-8ade-5abbcd38e379,a9c178d6-0d4d-4c1f-8c24-3e5e859013a4,father,False
19dcfc80-dd1e-48f9-be83-f7c813b2c536,7cad5eb9-6c07-47f3-a30b-8eab7cef01d8,a418c113-dcda-4de6-a8dd-4ab6dc19ca4b,guardian,True
7779b37c-4e9f-44cf-9ca5-006078a6b411,13234cd0-a9ce-42ee-8d91-68c11da28fad,8e52ab71-80e7-407a-a0c7-d522b0316533,father,True
58b9fb2b-9517-4b5d-9d63-1a1a7beabba8,33de6599-58b4-4717-b5c1-babbd8bb45e7,c84f892f-3abd-48a7-9805-b54c7ec3b918,mother,True
3b5336bc-e882-4c47-9702-34ac804912db,33de6599-58b4-4717-b5c1-babbd8bb45e7,08fdcb87-1e63-41dc-bdd9-1aff8c931cb8,father,False
8ddffd7e-9429-4abf-9a50-cf7e59a4f6ab,f1fa5023-0a75-4bf3-8e62-58bf5e7365f5,baedfc76-3353-437d-bd0a-d70144fe2732,mother,True
937132c0-787b-4d92-8ef3-d4b9a2954d8e,b023b6a3-6711-47d0-8cf8-bd44df26ef6e,3f041fe4-f66f-4125-9add-40abbb5ff0fd,mother,True
c2901b59-2aa1-4799-9abb-40475552002a,b023b6a3-6711-47d0-8cf8-bd44df26ef6e,adc04669-71c6-4786-9b2b-3da239771014,father,False
a612992a-e7eb-4e8e-8217-e1eadbf7a7b6,3def2aa2-e990-4329-bcdd-67d701aaa434,09051268-ffb1-44d2-a907-748227485909,guardian,True
bd0211f6-b1dc-43ae-8a69-a8a2b88ba7f1,ac8342d4-d6cf-4cb5-8646-94b0966e1637,2a78676d-6973-402d-8d2a-392167192e1f,mother,True
adaca856-cf52-4c60-9bdf-bff6f32e84f7,caf4a55b-f106-4ef8-add5-77d41e44d16d,2eb97bd9-e48f-4ff1-b64c-6a48624a9d34,mother,True
836fad3d-e140-41cf-8421-ab7f62ada5cf,caf4a55b-f106-4ef8-add5-77d41e44d16d,dda2de1a-4529-42bf-91b5-92515a7f368a,father,False
414d0701-30f1-4a4d-b30f-0f7fba0644fa,fea9c195-486d-45ed-a145-2c6be74f0159,623a343c-ff56-486b-ab95-8ff3cd77a3cc,guardian,True
08aae960-e5c1-4044-9eba-1d9107b11c16,9551a47b-e231-417f-8d2f-ae37d7d08201,bf53ed3e-08fa-4d09-831c-1f1e88961a61,father,True
5110931a-386c-45a8-ab06-e59d90fa513a,ac84045c-0016-41d4-ac41-c38e581622ff,22f98f25-8e98-4a3a-8fa8-372e43bffff7,mother,True
56fae46f-e035-4b8c-b9ac-811c9e6a1dfb,ac84045c-0016-41d4-ac41-c38e581622ff,4fc7e45c-919a-4715-9478-23fb9b43c15b,father,False
834c1173-fa81-43a4-85f3-01781f66aa1b,5f6dda81-1bb1-45a7-b853-0279d86170d9,fc316072-7917-4ba7-9dda-d23ccd8ff29b,mother,True
90e2bb13-7f2e-4390-8822-65572419eac2,5f6dda81-1bb1-45a7-b853-0279d86170d9,f6ce928e-0d36-46cb-8381-6360a00b00ba,father,False
da897af4-5318-4300-92a8-3d11ef161c01,54440ed8-33f7-4878-91bf-e9906b18d0f0,f0dc4d9d-3581-4223-8aef-a403d3eb3540,guardian,True
f78006f0-fdb4-4d06-bda1-665b0ae136a1,dfaca38e-b8d9-4ed8-b330-dfaa878ef036,48a4ffd4-025c-41e2-8efe-7308f6f14344,father,True
96da9f0c-42c3-4333-bb8d-e1d7b87e88b0,c1440b63-b996-4542-9316-5e548948d34b,9236a739-9608-4a96-a053-bffb84f445ba,mother,True
276aa88c-0190-45d5-8473-780c9faf283d,c1440b63-b996-4542-9316-5e548948d34b,4665b5b2-aff7-4beb-97a4-eeb518e7c21a,father,False
55432cff-ad42-41ff-a078-bd69e4551136,7067c753-dcbd-41fb-9124-fa31aafadeb2,c8e614a5-e668-47cf-a315-4110fab353db,mother,True
bb9249c4-2f63-4e98-9ed8-d26cb53de1c2,40abda67-4749-49a8-838b-a7ca554b0ae4,3ac8328d-e17d-4b47-9d45-5ed698cef5f1,guardian,True
ee63f5cc-b8c3-4497-8513-5e863917d70b,023469d1-1843-4322-be65-8673485fa7ea,af23a876-fbb9-4265-9371-7b64b5225c5a,mother,True
a047cefe-45b8-49b3-bb3b-865690c2b179,023469d1-1843-4322-be65-8673485fa7ea,d4ceb3fe-8496-4837-aa8d-caa29b8f408b,father,False
2d29b057-ca14-46cd-a353-942d7b85aaad,c16f4826-ff6c-4736-a56a-d92751192d02,b313a7a9-93d0-471d-a535-1ebc69c258fd,mother,True
f0b21f5a-b70b-4613-bc74-febbfaf34eaf,8fc93636-15f3-456a-adbb-11dc1894930f,683d3847-7d10-4c86-a19e-6a643a10194d,guardian,True
3d236372-0650-4573-9473-ffe75b5cba3f,d797873c-d5dd-4598-96f3-cad2e689a9f3,b2366458-3310-4033-95d8-4791044d0b23,mother,True
e2292548-05e1-43c5-aeb5-715512883ccd,d797873c-d5dd-4598-96f3-cad2e689a9f3,82c0c22b-9ea9-430b-82e3-004afa2aefd1,father,False
65127c53-a7e8-4d30-8ac5-470e881ab578,defc699e-7cdf-43e4-ad44-613d047e92e7,7d34aeac-09f8-4275-8630-69fe09ddea41,father,True
de425c60-66b0-46ef-9cf0-72f595db97a5,01f96a7e-1c56-414b-9119-c94f9b3e08d7,c49ffb8a-463a-4e9f-8aa5-979644e76eab,mother,True
952822c8-f0d1-4c6a-8c3e-086a2622862b,01f96a7e-1c56-414b-9119-c94f9b3e08d7,d86e6f2e-e557-4e1a-8e35-422e6e70c81a,father,False
9c45dbdd-23de-4dd3-bda1-ee9926bec9fa,3af0f85c-4e84-4aae-82b3-0a9228e2c5f8,d9d8c320-d7e4-486a-8f5d-d28168c5b991,mother,True
d931e4c8-68a4-4502-a5a7-488578a858f3,3af0f85c-4e84-4aae-82b3-0a9228e2c5f8,6e5560ca-c3e1-404e-a27b-2fccfef45157,father,False
da7796d2-52d5-4ce5-b66b-afe35caf21fd,224896f0-768f-4736-bdee-fae8cf8c66d8,0a5ef482-43b7-4220-933b-a65137bb61e0,father,True
0bcc9dba-422c-4823-8baa-0a073b4c7257,412cedc4-4232-4fb5-a45d-09ffd2e7d989,db21cfb2-46ba-4dd1-8f09-575725a0c3b7,mother,True
a90fe8b2-ad78-4fc9-ae6e-1a68c1752da6,da940f21-f714-4e98-8f29-256067ef5488,786b09a2-87b3-4937-a46f-3b127c43c75e,mother,True
62437c35-70a1-4a04-988b-4ba9a5f925df,da940f21-f714-4e98-8f29-256067ef5488,08a3f316-ea26-48f0-a66f-5355a1525e2a,father,False
237e0d10-ff6b-43fb-a854-cf1d39bde780,dca23f09-e7bf-4331-afe6-ad04c5042397,94218314-5f80-4d62-bd8b-765f4536d303,mother,True
52a73bb6-4fed-4914-b434-0900b630cc65,dca23f09-e7bf-4331-afe6-ad04c5042397,b8fdbe3e-8392-40fa-ba71-d1d75bd5624f,father,False
7ca5b35c-f7e8-4f77-8886-284fcc2601af,14ab2b28-2000-409d-b77b-5f0f9f9a0974,f198652e-29ef-411c-92f7-1a95ae45a18a,mother,True
e1c3dd75-e300-4385-a420-3a4fce4c0a1b,14ab2b28-2000-409d-b77b-5f0f9f9a0974,046dbbd9-f37f-4846-9bd1-738000ae4e4d,father,False
92338f94-140a-4f43-baeb-da822d5ff9dc,91be399d-3a79-40b5-8f7c-8f35feaa215b,bccd6f72-c7b6-47d5-9c0e-844684908957,mother,True
800c073d-da57-40ed-995c-815e2b9f10b1,91be399d-3a79-40b5-8f7c-8f35feaa215b,8de82be4-8fc7-48b4-be20-64d15595e81e,father,False
a76cc40e-e945-4e6e-a016-1008db278caf,a49615ad-782c-477a-a4e1-2daf02c56ef8,70789836-b2c5-4368-841a-372b993972bd,guardian,True
ff4ab4aa-9294-406d-91b4-71d5040c11f2,9f777e45-868d-47ed-bebc-4e32a75bb6ea,3ca56c8d-63d3-4f71-ad9b-cb5b2b34b8bd,mother,True
9bb519bf-b1a8-4353-af7f-6b92750d68fd,2a6ad038-466c-4028-83e8-a70ce0d0f5ab,b4181c92-1692-4905-90cd-b8ce539b07bb,mother,True
1c2766b3-3b95-4331-97f6-d1ce13feb229,6f74847f-8934-405c-84b1-cd45103b6716,5ef878b4-e21d-4772-831a-e82908b42391,guardian,True
d5c6096a-b831-492a-ac90-51f782d0696b,02b5caa9-cf9a-4d74-b3be-93c14466acc9,ed40c6a3-017d-4184-93e0-2efb0e0b10fc,mother,True
8b8071e2-a9ab-4e86-b9a5-0ad6b1e27d2c,02b5caa9-cf9a-4d74-b3be-93c14466acc9,23842881-099c-4be3-998b-60acbe65a308,father,False
9ceac597-28d5-4a33-a24e-85c3f452a360,674b112b-aa3b-4725-a43c-eaf76eb3ba94,acdbab7d-39c3-4a2b-a666-485ea17b86e9,mother,True
15fe6bff-1f12-4897-9f80-7a0e8cddb243,04ac6a2a-7c7b-4894-be48-41adf546743e,0461c4d4-6042-4f64-a02b-a7e44f4f74fd,father,True
c356c853-a703-463a-973f-0e1a93ab612d,17140ed7-6902-4ddf-8b8c-c08c49ea9fee,4998ed00-ac13-4aa7-a31a-b7768e42f0f6,mother,True
caa6274d-384c-4d9c-892e-554ad9497102,4a1b5aa9-62bb-46b9-a172-d6fb8b9a90f2,336cdb09-2799-46a9-a8fc-b7652b8b1b47,guardian,True
563c302b-ae9a-4715-860d-145137c6a0e0,32481374-30d9-4168-9305-3aef3d0471e8,96310566-75fe-44f8-93dd-6c7b605f0232,father,True
fcb42ea3-efae-4eeb-83f9-c6b3d38f5a2e,ee97a046-5088-4ee1-96ae-1cd918c89056,7d8ee8a6-f722-42c7-b1d2-881b76ca21cd,mother,True
0b40ba77-7b82-4c12-bfb1-b37934848ba3,ee97a046-5088-4ee1-96ae-1cd918c89056,6feb89f1-0945-4f4c-b414-6a5e91bcd434,father,False
bc01198f-26c4-4fbe-8075-9d699320b37a,a78ac932-0b09-46c2-a21f-749b2687be81,3224cc8b-62cb-47ae-ab89-beb1bbb0d3aa,father,True
c47cf71a-3478-46ab-8cc8-8d2f004fb9ec,5b199259-e0f6-416c-a5f5-a3f78d364d39,a4bd6e7e-7927-4c6b-9f13-d799e837440a,mother,True
7d9c43f7-52a0-46f6-aa58-4c4144d2e49e,5b199259-e0f6-416c-a5f5-a3f78d364d39,28d98354-0d6f-4947-8e7a-7333de505d24,father,False
6b4833b1-decd-4a59-b4c2-ea288004d858,50a8963d-f2f6-4a9c-9575-4cc34d6eb462,f5c1f5b4-0327-49cf-9ba0-5aff219d3567,guardian,True
5c6b393a-2087-4c3c-bfee-1ce84cd273ae,90f4f7c2-9ebc-44cd-89d1-393bf39b294b,1a79c920-117d-49fd-847b-7e4d74067b59,mother,True
36e41544-ddbe-424b-a9d9-267540f2dbc8,90f4f7c2-9ebc-44cd-89d1-393bf39b294b,0c6676ed-41d0-49b6-9fec-6931fcebcecf,father,False
0ba96192-71a4-4e8d-8cdc-1a48b1757f84,f24ace02-9d9d-474c-b051-7c882cd1bd14,43331739-0f53-446d-b1a4-0b6c13333875,mother,True
1573bc71-6aa3-4860-acfa-ed72c9cb71aa,f24ace02-9d9d-474c-b051-7c882cd1bd14,db013e1d-5809-4e51-adf5-afebfe230afe,father,False
db8d56df-c92d-40eb-bdda-c8bd84587d88,11b008c9-31ea-4bbe-b5d6-4aa561724d68,6e7eada6-3934-4fad-8e66-6623f6968e32,father,True
0a10e340-90eb-4f26-9a61-c027fa41c277,dc40ce8f-23df-4ada-a960-bcc0741ec2d9,3ac8b1c3-6483-4f5c-9f5b-82ee4eb954cf,mother,True
685e9bbe-661c-46e9-b200-d02f498e5c47,dc40ce8f-23df-4ada-a960-bcc0741ec2d9,f9dbea05-8a44-47cd-abe9-d0652e4e1e40,father,False
c4661f1a-5194-459e-805c-2d783ed6b60c,5f232004-1f8a-4071-8b81-5268fd5b809e,2dbc1859-18a7-4211-9db7-a35224f9a141,father,True
75453db2-9d5b-4314-8525-5e266dd1d2c0,c06f852e-cb7f-496a-8b0f-47b0e944352a,e7ca8506-6dc5-4862-9a62-7db39fb751e2,mother,True
3d4f051a-5e11-4d62-ab6d-4090a67288c5,c06f852e-cb7f-496a-8b0f-47b0e944352a,5e5982ed-18a0-4a92-8d8a-c2c6cb2b536c,father,False
de488125-111c-4527-8661-106e8bde69c5,5916561e-0a30-40fa-b605-8939c0f4cb75,df6f9f63-0622-456d-a455-e48341af22f8,guardian,True
23446ade-1063-4bc9-b127-423895b32f0f,12140c2e-1dc5-470f-a758-2c575022aabb,da73694f-a98e-426d-ba90-8e1bf045123a,mother,True
106cad93-bfe8-4ed9-b4df-7501419a1fcb,12140c2e-1dc5-470f-a758-2c575022aabb,2a805551-4287-4834-ac35-072904f76904,father,False
a81847ef-879e-4741-a9f6-da2a70a851ab,501e4be9-35e8-4933-b529-8a2df64de25c,a8eb038f-71ab-4003-bc13-a632babe67bf,mother,True
3c622fdd-fc1d-424e-913a-a311d43376ee,501e4be9-35e8-4933-b529-8a2df64de25c,ca018005-64dd-4f0c-820b-608a87eeb68a,father,False
7088c370-569e-4535-b2e2-683310ca669a,3382f1a5-bc0b-4378-8943-040be3a0d587,ab9fb879-1387-4e92-b715-868c2e339e75,father,True
75d72241-07eb-44e2-aa57-dcfc1f2d0686,ed684cd5-717a-4ab6-9225-92ceb6b593d9,d0501b80-90c4-415d-8eea-7335fd40d9f6,father,True
e17451a8-c888-4474-be43-a5e8b8900a52,06d3454b-f85b-41c3-a65a-444731838fe8,1fdbccaf-b054-457f-a4ef-b98e49082576,mother,True
e0fd9c5a-4493-4b90-b816-d730161a2150,06d3454b-f85b-41c3-a65a-444731838fe8,2e2127a4-8546-457e-9269-d261cb92373f,father,False
cee4eb0a-c138-406b-a51a-2577e68f17c3,b60832ba-7cd9-4c02-8560-2ab852392936,2c713c85-a0af-475a-b42b-be2d1b1af16f,mother,True
953cc034-46f6-4d7e-934f-c0ae99e757d6,b60832ba-7cd9-4c02-8560-2ab852392936,2f7276f1-dc40-47b0-bd1f-3413f32d27fc,father,False
659d22cc-c674-498b-9cfe-26dab3835034,6447f0ef-256a-4827-b489-ff09e897da91,3e120cea-517a-4a5f-b40e-df94d47f6fa5,mother,True
5222a6f6-539b-423c-89e3-afb6d76418b4,6447f0ef-256a-4827-b489-ff09e897da91,72379333-1ca8-4edc-bad8-d0c894cc8c32,father,False
a3d3648d-64c4-4c71-9aec-0e4ccea61760,377242d4-5b7f-44cb-9196-ce34f986dc79,49be4c25-67d0-47ef-9249-fd349be3d7d9,guardian,True
101374f3-c9be-4409-a6e3-50edaf7ceae6,d68c4ef1-13f1-4050-8abd-6f4c589ffe38,4b61eeae-f0b9-4a60-958b-81c6a759be56,guardian,True
5a4bbf0b-89dd-4372-b3f7-d695fc32ec9e,5264cadf-aa1e-4ae8-979b-f1f492234581,986580da-cd25-42cf-9043-d5f54e2159c3,mother,True
b52585c7-ec26-4d99-9c9b-d354aea6dc87,5264cadf-aa1e-4ae8-979b-f1f492234581,4424e517-fa8e-4a2d-bca0-c89daa0d4fc4,father,False
927c39fb-d52e-40ab-8153-87f61c66a5cb,6e49a043-f589-48ce-a624-cd5b536a1139,9f0dfd4b-2547-4886-b8aa-9b01645d16e3,mother,True
6fb0d21f-7bf4-41ca-bc26-e9231236aa0f,6e49a043-f589-48ce-a624-cd5b536a1139,2a9585bd-c678-4d80-a69c-2f80a044f137,father,False
b7a2b960-e9f0-40b6-8a8e-dd04c476fae7,a343e304-e354-44d1-8c66-0e40709c24d2,2684cb59-346b-4c72-baa2-1c74a941a1b4,father,True
5dff1e00-478d-406a-ab24-58cd11285392,bb3efcfb-4b29-457d-bb75-2e087260f4d2,ed03a56d-b11f-42e6-bbd7-e1fb9e046f15,mother,True
42da2548-b25f-49cb-9f88-24fbaf687872,bb3efcfb-4b29-457d-bb75-2e087260f4d2,ad91a4f2-eb21-48e2-b557-6331f6cf4d20,father,False
26341ef1-1fb0-4979-877c-ad7837770c25,fde4968a-9df1-4402-b859-ab65bc87fcad,e8972b2e-e098-4e7d-ac78-5df7196c6056,guardian,True
83e43e81-3a56-481d-838b-64728652eead,e14f139d-6296-4f09-a858-ec7333d4e8b3,7aeeafa0-30cd-4fd2-b09c-e942d8ce150b,mother,True
d0c7bd5a-758d-4fff-be73-1b8499fa299c,e14f139d-6296-4f09-a858-ec7333d4e8b3,6b6fcb4e-8f74-4bfc-be0e-22db1f36ccb2,father,False
3b0b19e1-33ce-4397-8de9-8c3c7c5ba98f,b6435bef-7549-4bcc-878c-de6db145a5a6,c43eb8cf-6378-4dd9-b05d-15658240ff63,mother,True
eec0cda8-8e1b-4129-a661-c1ce439ceb82,b6435bef-7549-4bcc-878c-de6db145a5a6,812cdc4d-b5a1-4b1b-b35c-f8b13f9d5df8,father,False
fa05671c-aff1-4d1d-92f8-378ed0badd4b,9beb665e-583c-4eb9-bc12-e833ed12f240,3a47217e-4329-4eae-ad31-38dd12087e1b,guardian,True
dd4acdb7-1237-4dca-b537-f7adabff05d7,e81a84c1-03ac-4d35-b59e-72838793b922,d9bc9ad8-914f-4039-b7a1-b3a30ab2dfc1,guardian,True
fa556aaa-02ea-4639-b0cf-3f8f1f447b7d,725bd746-1ea1-42f5-9d56-66d730c9082b,c3d3bebd-f681-4ce1-8a2a-09f78ae9734a,guardian,True
19ea64b2-118e-4d83-a47d-d21aecd72dd8,97d7baef-fb57-4883-bae5-1971de2f2350,f9693dd9-d625-4bf6-bf0e-ce7a38a31073,guardian,True
037756fa-19f6-4fea-ab15-1da4e3526989,5e49660c-71f2-41e3-b451-0852ae73ce6e,9a9da46e-e6be-4478-ba8a-b570602f8e75,mother,True
bc419600-bf5d-4d46-9b84-122264dc2048,5e49660c-71f2-41e3-b451-0852ae73ce6e,2a3163f1-e492-4a07-8362-0339170cfc67,father,False
60612bf9-b621-4bf8-bee6-2f9feea4ed23,a00b4471-0fce-418f-b77d-96956f1f90c1,0e336d12-c7cb-4581-8183-a3cd3763bfbb,guardian,True
9babad7d-4d5a-4afa-8795-9c3a5aa3d994,2f80e74e-c61a-41d5-b0a5-d91fc8d000d6,75d05dda-9d00-4cf7-acfb-67cb1d236f3e,father,True
02a39e06-717a-4815-93df-82a7ee4a6f69,d73532b0-33db-463e-8ed0-81238db9f33b,2856f55c-f5d5-4f28-b361-1c19434a8d42,mother,True
f962989e-8f3a-4c21-92a3-ff3b23e0e2d4,d58ab8a9-d214-4e1f-9d4a-081081f0c3a1,1931f0c7-4f7e-4815-86e8-e457fe4f03cc,father,True
cefd1135-3f97-45b5-b6fc-5f1c823302cd,6c00d639-3052-41b1-ac8d-7b6305e1c570,bcf5b52c-e386-41d4-8724-7b5151b1c774,mother,True
df50fb0f-44d4-499c-93cd-5f60fcb5fd50,6c00d639-3052-41b1-ac8d-7b6305e1c570,93987374-f4c7-42c9-9909-cbb0e095af73,father,False
15bea911-2a87-4a11-a855-0b4db2355304,2b65483d-a628-45ac-b21b-ea1815f05614,c1b7b455-c324-4718-8661-3c89a4cc4225,mother,True
e41bcba5-2a60-4e52-a482-58aef4e1e329,2b65483d-a628-45ac-b21b-ea1815f05614,23fd247e-4657-4cdf-bee0-46f0767a1c2c,father,False
12a98edd-b71f-4954-bbd0-9b88466eb022,db8dca4a-6424-4a02-a7e6-6a7f0ca80944,22a339b1-c771-463c-8c44-ae8eea739c0c,father,True
fbea97b6-27b9-4754-a208-49424e07d258,ef9e3407-c495-4ae7-9a93-5f80b8eccc14,39ad4459-374e-4fdd-b3bd-0bf407f9a219,father,True
12d48d6a-0c2f-4c87-8dab-d050d00de785,07193d6a-98a1-42b3-bfe1-1e43490028b4,6451265e-6752-43a7-99ca-9609ef8de94f,father,True
ba5fd197-5b6a-4750-8cee-192974b5920e,d8c491d7-f49a-46f3-9161-f6367adadfde,e37e6536-4453-4d10-9066-9e740e8ea2ae,mother,True
dc957ab9-dae9-4ff5-a3fd-ccb91c81c5ee,d8c491d7-f49a-46f3-9161-f6367adadfde,6d03270f-9cfb-4de4-b269-15ef7ac0bfb5,father,False
e6e66546-cea3-429e-95dc-8bd868637c58,ca34d029-b1cb-4263-9263-02d0b7cc39c8,257d0516-6a96-43ce-8d5c-4c33742dd81c,mother,True
707de8fc-603c-409f-a2a9-c54bead7c3ca,ca34d029-b1cb-4263-9263-02d0b7cc39c8,060b6066-bd18-40ac-a759-51f7338f8a33,father,False
35ce0d55-96e8-4a1b-bebf-d8c427015c59,57c5bf2b-4f1a-416f-b1f9-7470ec90cc02,8e7504b8-f41e-4877-a532-62bada2b8de4,mother,True
abd56483-fb7d-44b5-ad9d-446c6c758c6e,57c5bf2b-4f1a-416f-b1f9-7470ec90cc02,927c742b-82ea-499f-addc-5818f6595762,father,False
e13dfb56-d973-435b-83e6-01166d9216e5,96bc1d77-39a3-4f1c-a741-c0bd0ab45b3b,ab03d2f2-5bf4-4e74-ac76-5638291173a0,mother,True
a451c3ee-bb7f-4630-a3b9-641bdd2345c3,96bc1d77-39a3-4f1c-a741-c0bd0ab45b3b,2357bb5a-6b91-412a-9a00-62b5e6f2f284,father,False
8d9832ef-ab2a-417c-b207-eb7b2f12d396,c029582a-aefa-423e-802f-5c0a0db2ac70,b487a9ad-86a3-46e8-bb3c-27c23406fae5,guardian,True
9038e635-bc44-4ce0-bbf3-5d37fcccd1e0,791a3d60-8b90-49ae-b73f-36cfe51fddfb,3e258fb8-8b48-48db-8ccf-d89c70dcc915,mother,True
e1800587-ebee-46b5-9165-a29c5531710f,791a3d60-8b90-49ae-b73f-36cfe51fddfb,c8dca360-d86e-469b-b569-447c814a0b41,father,False
4fbaeb6b-4f5c-48b2-944b-ac0313a12f71,e179d7ab-0b7c-4568-ab3d-a1146ab9911a,9d856fc0-e374-4055-89b7-16861109d3d4,mother,True
2975c4f5-da97-45ef-9314-3514a3cd6360,e179d7ab-0b7c-4568-ab3d-a1146ab9911a,b0f3fb58-cacb-483c-9f8d-2b79f5480c28,father,False
22e7f772-2d28-41cc-a155-ff1cd47289c1,bc757f14-9e78-4966-9dc2-7d3ffb33cddd,25150cf8-e7bf-4fde-9118-b3dafdda1f72,mother,True
925bb679-4d70-42ca-8e3f-69369468b6c0,bc757f14-9e78-4966-9dc2-7d3ffb33cddd,08cbf509-a937-47ab-b36a-0c19cb38214d,father,False
ce86e210-475e-416a-810f-e3f6e968395b,63297e98-08df-41b8-8263-625382e25276,22e59e50-3642-457b-abd9-c6a10b9e565f,mother,True
2e6d1bbf-e743-4925-adfd-c03ecae5fa26,63297e98-08df-41b8-8263-625382e25276,24af6ce7-bd16-4f92-bf19-8cab98fcef20,father,False
9ea557a1-0630-4273-986c-dafd1ce0ed81,842bb13f-7313-47e7-b462-03380df7c5c3,b0e8db59-a0cd-4f35-b42a-5859f9c9171e,mother,True
13d8ae4c-0ae8-45c8-9be6-4505fb65432d,842bb13f-7313-47e7-b462-03380df7c5c3,9c44c487-9f20-4581-ba46-5f18d78d8bdd,father,False
8d8e4e51-392a-4cfb-8474-ca4f1e9dad84,8feab767-3a58-48a9-9df3-71137dbfcb2b,aeadb82f-7e7e-40bb-9987-7f446db0b582,mother,True
4589d861-c1c2-4fee-b3d7-0892995ccd88,8feab767-3a58-48a9-9df3-71137dbfcb2b,631e7250-66f9-4738-99fa-b65df2f33e04,father,False
e4750058-26c1-44cb-b508-82fbd5945000,36342ba9-c582-4911-bc16-0895b508c142,a09fa786-ffc1-4657-a48a-41c19c44ebac,mother,True
1ec08e54-7b65-4c14-9738-f9007b219044,36342ba9-c582-4911-bc16-0895b508c142,dc3e9e2c-5bdc-4a8b-898a-e092088f84b3,father,False
843a01ce-8b59-4353-9b18-059152169337,d28094b2-d560-403a-bd45-3fb9e6448cce,11405faa-715a-47e1-8d5b-845e7452890e,guardian,True
94808dc7-c963-419a-b979-7e7c516fe972,7ba53f0a-e16b-4d0b-899b-e13601b05bd0,f9385bc3-0391-48d6-9494-200a3320c44f,mother,True
e3ffe400-a25d-4964-9329-26ea0c4e87a3,9f1a5918-ae22-4a2a-8696-062657b0d7c9,e6c080c2-d97c-4856-8c48-0035e1f837ee,mother,True
55945172-485e-4381-ac5f-525fb299bf13,9f1a5918-ae22-4a2a-8696-062657b0d7c9,b6b688dc-fb3b-408a-9730-b24b2108ecf9,father,False
0122d1fd-9ef0-4dbf-b8e1-122c6da98279,fe5da33b-c5fa-411a-acfc-52e858cda468,a5f9ac79-2881-4a81-90b9-7fbf85f35ad7,mother,True
9202a7a7-092c-4803-8b19-4a2c690053a3,fe5da33b-c5fa-411a-acfc-52e858cda468,84ddb5f9-bbe4-4760-b411-64f949e2976e,father,False
55b8afa1-1d22-411b-a31a-9dca201d809b,e7c11694-d80f-4fc3-a483-1b498b0ed5c1,363eb0ca-78b0-4ba7-9693-af220aa86478,mother,True
872f93e2-db7b-47e7-8af9-fa2d1c19dbc4,e7c11694-d80f-4fc3-a483-1b498b0ed5c1,2085705e-2621-41eb-b87d-b75cab94fce6,father,False
57188143-9e51-401c-8eb9-869c46f39843,fdc408f2-1c86-4e91-8346-8756864f648b,74ee0d63-0b47-4ce9-9268-4c91bb7e6a24,guardian,True
86ab02f6-fa10-4e8d-a2cb-e09966219f92,fa0661c6-961b-4719-b540-326c6a758be2,a77f34b2-2940-4c77-b004-92eea994a311,guardian,True
94a70489-ce79-4ca4-ba58-29ec93511990,c2176b20-2c11-4fd0-88ee-daee8cd1d9d9,3f04e366-2d30-49b3-83ce-0e09fa4c9051,father,True
7a357faf-35fb-4dfd-a45f-0a615e4e52c3,d96618cf-6a28-405f-88c0-dcc8777beffe,77fe8d45-70ec-4357-a076-d843644e4362,mother,True
7de91098-43ae-432d-a972-a14d74285d26,d96618cf-6a28-405f-88c0-dcc8777beffe,277319eb-aebe-413e-8743-3eb46eaa3e4d,father,False
a35b3259-61a5-40fa-8f7e-3665074eb204,3593921f-a792-4985-bd65-3ca311ccc228,9ea05a60-787e-4bd2-a65d-cf436ec177de,mother,True
bb333645-cc73-4b24-b554-285cb1779e7d,3593921f-a792-4985-bd65-3ca311ccc228,4955620f-1ede-4bdd-918e-131223baddee,father,False
692b56d7-4dbf-4a8f-82f6-952237658d39,64e1992f-1e3c-4a5d-8754-6f18e781fc02,fa165f22-51e8-4de3-acd6-6f0518c3392e,father,True
c358db7f-5f58-4274-9334-c96b522d280f,0e8e7804-460e-4535-b7f3-c63ee356b5bb,ee6a1e10-fa6c-41e5-8eec-0039a89a2e2c,mother,True
09b918e6-5d8e-4778-8aed-b826511fb049,264ed993-1aa7-4350-82fb-a7646b183566,78175d57-7331-4226-95cf-506d3ce2ad4d,mother,True
e316cc1d-f62d-4682-a23c-a6c2b0052a4c,264ed993-1aa7-4350-82fb-a7646b183566,a7e0aa8a-fabc-4d95-9da9-f741bf3512d9,father,False
e6d74272-c408-4d6e-9724-71fb161cca2d,2b824a90-7dbb-4ed9-ad2a-15b13632c3f0,8b5c2dbf-bc39-4758-b95f-bfeb65116f13,mother,True
77dd40b6-44c8-4168-9c99-c92ff783f82b,2b824a90-7dbb-4ed9-ad2a-15b13632c3f0,86886f5b-8583-4c44-bada-20aff60c319f,father,False
6e3a7cd8-0539-43cb-be35-981cbf715912,bc885c4a-5c23-47dd-944b-3960ab6b9d74,0894f94c-7aeb-40b7-94b8-06f94ef58afe,mother,True
4e6c71d0-39e6-45b8-80a2-ce6a231eeda1,bc885c4a-5c23-47dd-944b-3960ab6b9d74,3785f258-c055-4bf9-8ca9-7ae8616fcfa9,father,False
345391bf-b939-472c-abbc-c9b345d4844d,7fbcd5b0-01c6-44aa-a90f-d42442e2ba69,e74686a1-81f6-4e2b-84fa-8afcdabc2317,mother,True
5432bb4f-bc35-4c48-a372-66b6b8682856,7fbcd5b0-01c6-44aa-a90f-d42442e2ba69,5bf557ac-687d-4428-a78f-0e49f3c6c263,father,False
973411c9-783b-44a6-80e9-9c4c315d7e85,c363cd41-ab95-4fd5-a64e-328e1482ce14,3ff54cd8-9c2c-4ce4-9516-856ea54e3e1c,mother,True
27d8c9f8-bc8a-4bfe-9ee6-a872103c42a4,c363cd41-ab95-4fd5-a64e-328e1482ce14,b84d7698-cc51-4613-b83f-fe84045154d9,father,False
a47bdf5b-0e86-4353-82e2-6555ac2f4082,ad696ed7-8e22-4592-94a7-5272b06d0a51,dac5d9fd-3cb9-49c6-9cfa-84adf30882c4,mother,True
8c6461b9-142f-4b47-91cb-648a1fcd4382,ad696ed7-8e22-4592-94a7-5272b06d0a51,f7c4e86c-37b6-4271-8c3c-2f1bc867f56b,father,False
840571ea-0539-4cdc-bbe5-ea3d765adc10,74acb7f3-1592-441b-b4d1-12b4e3426a2e,26f39cff-e434-420c-bee4-72518ca22a32,father,True
7fa23128-5d43-4627-be91-9291ca182571,ef76da5c-fe12-4c84-b0e7-2e6b77999586,b1c103aa-3010-43f7-b750-7bab4f0df268,mother,True
3c815488-cb3c-424e-b125-05279076f43c,ef76da5c-fe12-4c84-b0e7-2e6b77999586,591020a0-5001-4507-ba9c-ec10775c95b8,father,False
8b2e0702-5eac-459e-b885-371d565b7097,5c74da7d-b0cd-4d06-99c9-0c7a140f7a2b,d99ed1d8-fd77-4ff2-968d-260c267f5b3f,mother,True
3ff7bf9d-9730-4285-9ff0-778f585102c1,5c74da7d-b0cd-4d06-99c9-0c7a140f7a2b,d561126d-dc8b-464b-833d-4c60861b7945,father,False
a00ab72f-2fab-4056-a695-90094bbe8a76,5666a63f-4751-415a-bed5-146ddb223a7f,ccd990ff-7323-42af-8fc4-b8a41ec71cde,mother,True
01f72731-e2dc-4723-9ae4-c85fc2620e37,f02f9256-94a2-4e24-a83b-c1aa14b66cfa,40a80aa9-ab81-43ef-b638-7e78abec9761,mother,True
3dee0815-a06d-4fa4-a4c3-3d961048b2a9,f02f9256-94a2-4e24-a83b-c1aa14b66cfa,c2c8ff02-d9cf-4859-b608-a827126c7e88,father,False
e0eb883b-de14-4b21-a8f0-3a27f4f3160e,511090f2-6e84-4018-ba6a-ebe3373308ad,2691700d-cb51-409b-ae56-e7356d10f162,mother,True
e4594482-9c67-4d6d-9287-3565ea716af1,511090f2-6e84-4018-ba6a-ebe3373308ad,75835804-389f-4576-80d2-cdebf7060374,father,False
8c76d2a1-c778-44c6-8aad-da7f8616b6a6,6a128b0b-635c-40aa-bf7a-1637b6a395f8,61cd57d1-8ef7-43aa-b7c0-13bc50697618,guardian,True
da842012-7aa9-4ca5-b524-82e1b1da9e66,27864eff-9fab-443b-959c-03c5a364a73b,3894f83d-f9b7-47f7-80d4-c0ce9f1ac00a,mother,True
5f5ce661-81cf-46f0-9953-622a9b11fee6,27864eff-9fab-443b-959c-03c5a364a73b,eb1b38c7-b933-4b9f-9585-83d8907c2b2d,father,False
e99cd25e-a2ef-492b-92c0-42a4e1903c9b,64302f6e-0fe0-4a05-ac52-f2e5592b0afe,8e9b3423-b910-4f97-8c6c-7edb4911bee0,father,True
9cdc531e-04c9-45fc-bf9b-c6451d3c3b9f,052c50c5-a50c-4c65-be00-2325fde9abdf,ece8e8c2-b6a6-4b43-8eda-5921574a2ccb,father,True
fab30a50-c788-4429-ae7c-ac2aa3ae3fed,3df946da-da8a-4ac5-ba02-db952a31a3b0,1a7f0170-abc9-422f-94e3-7947000f3383,mother,True
14512fb6-9c93-41a6-90c6-68a5a11a6b50,3df946da-da8a-4ac5-ba02-db952a31a3b0,fcdc40d5-3fd3-4808-a395-3a0c0e39e30e,father,False
6922dc37-f7a6-44d8-91b2-3e2337db65d7,54ea00c6-5e45-47f3-a880-818a08457be6,c28821a3-8291-442f-a898-e8cd3eab128b,mother,True
dfe08e06-a747-4e2b-a297-0e6d0c8fd432,54ea00c6-5e45-47f3-a880-818a08457be6,24b9b1b0-2dd0-48a5-bc65-1ef8f12afcde,father,False
f3df532c-267e-41cd-819e-8226989246fd,0e944001-3cad-41a4-8d08-9f2258c1083d,985baefe-30f0-48a5-9275-449c965d79f3,guardian,True
e3721f72-f557-479e-9d7c-2feb02895499,1820cd30-d973-455d-beec-4bff5c5e1ffc,db90d8e9-63f3-4393-8cd8-8e528fe6fc7f,father,True
050117ca-2d1b-4cdb-96c1-0d553fcd2565,55e76933-4767-4c7e-a4d4-ffe9a133ff98,2221ad48-a36b-405a-a060-6e7a2c7c31a9,mother,True
f734644c-bc34-45d1-8fbc-8e54f1036408,55e76933-4767-4c7e-a4d4-ffe9a133ff98,3e2bcffe-7373-4a9b-a6c0-9a660bc43af9,father,False
3c06929c-7192-4774-b01b-839f6fc571b0,f8f9096b-4252-47be-9c62-52b5a833003c,9603a6df-0064-42c0-9936-e289db6b67ae,father,True
45b1b5d9-ad1f-442d-8bde-7f16586ffe12,790dbc21-0cfa-4a19-9aa5-94d635c65d02,740c73ab-01b0-4fec-8e15-2d296f3792a0,father,True
9e87b415-dbaf-405c-a89a-0a1501024d70,c8880eb7-4c3a-4328-a850-2602a4c8bdc6,8733263a-fdb7-48f6-800b-919ff5d331cf,mother,True
44c2eb3c-ae06-4e75-86e8-f1aab3ca0be2,c8880eb7-4c3a-4328-a850-2602a4c8bdc6,766ce824-488d-46a0-aa03-45345fde5d3e,father,False
487054f1-8cf7-4d5d-97bc-46bd7b4309bf,efaa9c24-73ec-4b0a-b1c0-11fbdfb48fee,72d250cb-b5d7-4753-bd45-e1c6e2ce3a42,mother,True
f8f9ac8e-aef0-4a36-8220-5943ce3674d8,efaa9c24-73ec-4b0a-b1c0-11fbdfb48fee,f0e8f3e2-b368-4f20-84e7-4fb838e52f6e,father,False
b07fd83f-77db-4d8c-90ef-beedc99efece,e3baeed4-ddeb-4279-a90e-565320ee9a43,bba9a833-3445-45a8-8759-c6dacb909a2f,mother,True
66fc3d53-a08a-4a41-bed4-324c570b6559,e3baeed4-ddeb-4279-a90e-565320ee9a43,17b3f1d5-9573-4225-b927-993f35310ed5,father,False
6ef5b865-71f8-4ead-a655-891c32188801,eaaa7ed8-aa0f-421a-a53f-ca6ac0712437,047a52c2-f01c-49d3-b8fb-e1098e267524,mother,True
634e040c-58a5-4fba-942a-c8167c652b90,eaaa7ed8-aa0f-421a-a53f-ca6ac0712437,c8cac1ef-d78c-44d0-8e29-5091726ffb5a,father,False
61cfa5b0-c08e-4fa4-ac9a-296a4499f568,5ac0cacf-9b08-4dcf-920d-d41b5ee75cdd,7a721ab4-a78a-45db-89e4-f6850484f982,guardian,True
928e2016-400a-48ec-bb06-ad4affeda4ce,fcd3b08b-b9f7-41c3-9fc8-793e85d18dd7,60593bd6-b0d8-4c42-9fcc-ca0245347a83,mother,True
00dd4e5c-2c8a-4828-bb61-c4d1472deed8,fcd3b08b-b9f7-41c3-9fc8-793e85d18dd7,81a87801-916a-40e7-8ea0-4196bf7eef9d,father,False
f12b9c9d-92fc-4d68-929d-25db7db3e84f,7d7ff025-56af-4a4c-a6f5-0ff4bfb395c3,5ecff04d-3431-41a6-894e-3c3b29d62619,mother,True
ffe283dd-d2df-4ac4-b03b-3ba302aa3f9b,7d7ff025-56af-4a4c-a6f5-0ff4bfb395c3,03b58615-6504-4fc9-9845-0f7d1e2b1a11,father,False
c024cf83-f7f0-49b7-8bc9-a5a72ebf46b9,f0aa2141-a7cd-4f9c-8b4a-1527b791f9d2,83abd228-2262-4407-b50e-1d5b6608dad2,father,True
bb435a82-bf6e-499b-8f47-206d92d8b044,323e1432-229a-4216-a1c3-54174b3e1ba6,1774a3f1-bf79-44a1-a0ac-83a41a4acc4b,mother,True
c10ac461-0bd8-4039-a056-58ceb7f87359,323e1432-229a-4216-a1c3-54174b3e1ba6,038814a3-973a-4018-a287-d0db90cc7b2c,father,False
56994b03-74e7-4e7e-9bae-9cdf08e0204a,a48b6cae-0361-4ce9-8dd1-71678ae16832,333c2ee0-365d-4d5a-9d00-2b532d3c2ce6,mother,True
21b25bb4-76fa-4e02-a99a-4aea5b33d480,a48b6cae-0361-4ce9-8dd1-71678ae16832,c2aaf333-f8c1-4c3d-bdea-0710a0ceff56,father,False
fb8a48fd-5ea7-4e6c-831b-943c10dec886,716245e4-f352-4d61-bbf6-8ff33b2423a6,598d1a70-9d9d-4d84-9851-09e925f79608,mother,True
91de4ac0-a6d3-4a33-9b43-c7a58e4f41a0,716245e4-f352-4d61-bbf6-8ff33b2423a6,69073749-51f7-44c0-bdc6-f6c42a96fcc7,father,False
cfca22b8-08d1-42c7-90e5-07ac2e6c4378,6e9545e4-73e9-4ce2-adb7-9bda3165fc6a,395a4934-4abc-482e-9ac5-0d4bfb27285e,mother,True
de9782b6-670b-49b6-9254-78ff354c791b,6e9545e4-73e9-4ce2-adb7-9bda3165fc6a,b0422df5-f981-400f-99a7-4a5705e8db6b,father,False
5d74f7f0-a981-40b8-b727-bb706670a37e,6a633e52-a61f-45a2-8c65-0618d86c8c6e,abc8e6ad-9dce-44b9-90db-a67bfb2ea02d,mother,True
3994ac29-4151-443b-a27c-9d0b2870f3af,6a633e52-a61f-45a2-8c65-0618d86c8c6e,7eb17700-961d-4e4d-aea5-d2de9245a36e,father,False
26a3a23b-fe22-4e42-9f75-2ff8926f985f,24d4d945-ad7a-4bce-83ab-e50409c1e59d,d12bb5de-b433-4ec7-bbc5-0aee1ea92506,mother,True
d2c86310-5970-4c57-abed-730d65a1f7d2,24d4d945-ad7a-4bce-83ab-e50409c1e59d,d320f931-f99a-42bc-a1e8-45bb57f3e129,father,False
0f90cacd-5c20-44b0-a9e4-012b8fafec97,fd2dcb18-a253-493d-908d-711415fc146e,8e7863bf-7036-405e-a187-cf49a66123d9,father,True
45f6d58c-f55f-4e5a-b6ff-a1c313ed5c82,aec2e205-46f0-4b20-9274-c8e7ee96b00c,dd50f090-0073-4068-94ae-b867421c2826,mother,True
3932a0ca-0d86-4a07-810a-8a01bbce9c0d,aec2e205-46f0-4b20-9274-c8e7ee96b00c,4bd3ff2a-0d0c-4685-b1e8-68320be4d309,father,False
635f1609-c9a2-4bae-8afe-310b7b8f7b37,ccdaca3f-9ec7-4b4c-9060-f28e1d65ed9a,db525131-14ae-424c-9336-e41db502183a,mother,True
4fa01335-aa47-43d1-9ae2-6e2e99e4af23,ccdaca3f-9ec7-4b4c-9060-f28e1d65ed9a,3ddc2a00-4a0d-4130-8c39-da184f3b1440,father,False
64f171aa-ab65-4e7f-a8b9-39e3bb314c1e,cd898b7b-fa5f-42a3-b904-fe9883a6971b,fc1cc5f8-3272-4e1e-9059-6044d7c40daa,mother,True
08345e08-6035-4172-bc61-20dcc6aa33dc,cd898b7b-fa5f-42a3-b904-fe9883a6971b,574e6b38-1f63-4059-a462-f0d45626fb6d,father,False
acb8704c-441a-4d5c-b41b-c51ced4409c6,081520da-c095-4393-afb0-65868dd34268,ab40245b-06a3-41ba-baea-9c965179603d,mother,True
4f8f64e2-eebe-46ce-a12b-3445de14b523,081520da-c095-4393-afb0-65868dd34268,0ca934f2-6823-4c2f-922e-36a2d48fc139,father,False
75796cba-dcb7-451f-9088-8ccf7ebbe4c6,1c249fa3-24b6-4b3c-b872-ad985da3b1a7,713c5427-6234-46a3-840e-d5c126a02d82,mother,True
5156cdcc-83c3-4b90-8c93-eaa1ce7410f7,95f48d90-0f18-4ac9-8b82-9d461f023821,fa8f5c05-c676-4b2d-82ca-20aea603e867,mother,True
1acb1070-0b1c-4c1c-9d7d-aa5d479e547c,f078084d-f522-4191-a3ac-836bd85f2225,8684126d-7c0d-4bba-af26-d1abad27f372,mother,True
83c4ef47-4cde-43df-9f0d-9997bf3f5453,f078084d-f522-4191-a3ac-836bd85f2225,e4740c5d-c7ed-4900-8c24-6e5e2b0f4b16,father,False
ef04b77d-ee6c-40a0-9a41-e6183d0d8475,5569dfcb-d61c-4731-a6f4-5138bbb31683,2f67b28e-b1ab-4495-8b8a-4b087f932b6e,mother,True
b98d6414-5bda-4e0c-bda7-1797fd46ecc8,5569dfcb-d61c-4731-a6f4-5138bbb31683,6dd1aff2-59bf-403d-a4e4-96022704646c,father,False
a70c4fc7-fad8-4bc8-812f-369c6aab1ed8,0fadc32c-fa0f-4cd1-8245-fbb86b4e5761,6cd9119c-b94c-4147-8b83-aca506b32a30,father,True
281abcf0-63b1-40c1-b499-82dcfe1a0cc1,cbac4a40-3a8d-4994-87fd-d67816cbc6af,d6d62615-5969-4cac-8dff-2cc229caaf7a,guardian,True
e3eeb020-c243-4942-b90e-374f5ca7ec45,a4d45895-a8a2-496c-ac25-b986511aca18,06f84ae7-44f5-41f5-8624-9d14fbc586ae,mother,True
1e9e602e-5be0-4ee0-b363-c391f0f32949,a4d45895-a8a2-496c-ac25-b986511aca18,3f510045-d196-4631-9f65-b2471f535eb8,father,False
3659c2ed-4bfe-4e85-9a6a-42cdac915aa2,82229c31-4eb9-4408-b60f-30dd79899124,54b45f3c-1c03-4bf9-8c8b-705516ab603c,mother,True
fd57e960-95d9-4b30-96a4-0cc1ffad2b50,82229c31-4eb9-4408-b60f-30dd79899124,cb7c8081-df4e-48d2-b3a9-311efba9bb96,father,False
5fd51208-64ee-4fd6-b4c4-dd12c3a53f59,fbb096f3-8e53-4bfc-bf41-6f5cbbe7c85b,95d54575-88b6-4e78-bd5e-bbb9f76626fc,mother,True
fa1ae866-eac7-433a-bde4-21673afb5781,fbb096f3-8e53-4bfc-bf41-6f5cbbe7c85b,39a9c450-6ace-40e1-a2ce-259af01e151d,father,False
c2542af9-bfa8-4ba6-bb32-44bcf67a490a,45f29c6e-2cf2-49b4-97ff-1afbf56ea48a,84d811d3-8ea9-4203-b29c-672f2102129e,guardian,True
e5a5f7e5-5937-4320-8d42-b4bcf21b6696,7c9dbf25-f81d-4fae-97aa-fdfd494ff965,5446f6f3-9b9d-4702-8b8b-cc4c0ddb0bfd,mother,True
879b77d7-35ea-42bb-b079-3bca2a750973,82b6e19e-d328-4c0b-b76a-d855cc730ff7,1c5cb266-7635-47c4-83d8-ad5778b10503,mother,True
d20eaec4-539d-4c5b-97cb-c6cf79a3dab4,bea5e8d1-c23a-468e-b435-a6b4d6cf56fe,20d44d68-8ce4-4ae7-be04-40911f29f700,mother,True
7c2224ef-3c8a-4c95-b389-f19882942576,0b74825c-4797-4940-b5d5-ddb5f9c863a8,0c039a4d-8ecc-410f-a19f-ebb8a7d83805,father,True
a36a0337-5c7d-430a-a967-c33ce6cb4234,bba1104a-a978-4889-82cc-46ae02f1e931,5512a872-aa23-4196-a728-581ca9c6427b,mother,True
7ea5bcc2-a43c-4088-b8c9-7ae5c4570cdb,bba1104a-a978-4889-82cc-46ae02f1e931,0d449abc-dfde-41d4-9e40-4374ce7c8a3b,father,False
68204f92-0325-40c4-9393-529e89bcb935,f2cd647d-86a1-4831-a57a-4f7eb86339e0,6f93a672-b9c8-4e5e-932e-9b3497887cfc,mother,True
f1d7925c-ffab-47b4-adf8-c148dffddf5a,8d3629a9-3d87-42c3-85e7-dd6f778b2254,0bddaf61-ea61-4bbb-b77d-39d1c7810d13,mother,True
ae09b48d-1be8-472b-941b-95d73cc3c551,8d3629a9-3d87-42c3-85e7-dd6f778b2254,a809c151-7013-4a4a-8bdf-bd8e778401fc,father,False
9e7c5877-9f24-4466-85b2-e00263d440d3,033fc9d8-fda5-43b4-8558-6ffb617c555f,17816ca2-1db2-41c7-a480-d749d511682a,guardian,True
01a341f9-588a-4838-ba45-12c71dc17c2f,e9c9293b-fc03-4bc6-a596-f868b2bc41dd,8ec01d9c-254f-4665-8f93-0bef548e4554,father,True
fa85326d-f3db-4718-9afe-18de15e6e9b1,bfa48a4b-9b6e-4b39-94d3-68f26210993d,68eeafd0-648c-42e4-a934-b0a5f95b3ba1,father,True
0a026227-c4de-4ebf-a536-1062e564b920,5db78747-ae33-4308-b60a-24746819c893,1b42d6ef-f842-441b-98f4-45577e95e94a,guardian,True
eadf54b3-c223-42df-9f04-9bcda8b8318b,e33e5d4a-bdac-418c-96db-6b2f1f123a5d,131b72ec-49c9-4ad5-bf8c-16774175b3a1,mother,True
dd4586a7-d282-4a9d-a64f-4c218d25b97c,e33e5d4a-bdac-418c-96db-6b2f1f123a5d,c67a3eac-7796-4362-9387-d3c248268a6d,father,False
a34c3e73-de72-4480-93ac-d058e6525cf4,642fe3d7-9bbf-4b9d-8007-0cdc83ce7381,1afbdb07-c095-49a9-b439-945bc69636c2,mother,True
83144b32-c481-46bb-ac5d-98788548a4d7,642fe3d7-9bbf-4b9d-8007-0cdc83ce7381,e3eee553-02cf-4bc4-8a38-29c5aab62f2a,father,False
244911a6-13d4-4f79-98a0-829a097cc559,c3eb57e0-4059-44a5-90b1-ceff7eccc5f3,6f8d7e24-95d6-4388-82ee-990244a67b21,mother,True
e5b29052-66d6-464d-b618-2c593b47297d,c3eb57e0-4059-44a5-90b1-ceff7eccc5f3,dfb0fe8b-0bbd-42b4-8073-1e92111c6b37,father,False
5e01e86c-35d4-41ef-856e-9b8c73eaa1bc,dd7c1213-dcf3-4581-beb5-b6eafee49cc3,838d5766-44ad-416f-9c3f-1e15e8ac71da,mother,True
26438565-33f1-441f-9ac0-57db7dd0c899,5deabd07-714c-421e-8abf-ac66bb905e93,b4b67610-5782-4238-8dad-c432d34e69c6,mother,True
4a871b78-9c4d-4045-ab8f-5368e87b22df,5deabd07-714c-421e-8abf-ac66bb905e93,7b4c8683-6f4d-4250-a1d8-52e827c2961c,father,False
1148a7f6-65cd-4612-af77-569b9a4bb564,c7e2e681-baf5-4529-b934-b611e6d442a5,a3fea050-2d95-401d-b726-091d86ef1b5b,mother,True
5105a2cc-fa02-47c8-9474-4bb4194a11c9,c7e2e681-baf5-4529-b934-b611e6d442a5,e570ff63-bd75-4935-a54c-45330b558fd7,father,False
0709f5f0-eb1c-4523-82c4-732fe50c17d1,5592cd16-e36e-47ae-97a7-996c894e74a3,c5eca6d3-0d70-41d6-a5d7-cdfa5aaf5714,guardian,True
7f5cdc9b-e658-4ad1-859b-ee01a9a21b26,4a8d73ea-85f9-4440-b549-8ad7007126f7,99dffd92-53b1-4527-96d2-3e28947d1ac2,mother,True
06de7681-2ebd-436d-96d5-aefd64422583,4a8d73ea-85f9-4440-b549-8ad7007126f7,eb1703ed-adb8-461b-abe2-5a156396b098,father,False
f56e9020-975f-4807-9893-b8d457edea3e,a0d811b2-b846-4c0a-a663-81bf97d42372,207cc1fa-d192-4908-b0f5-e13aa7d1d5bd,mother,True
caff10a4-729c-4085-80d1-c044e4e9eebb,a0d811b2-b846-4c0a-a663-81bf97d42372,e58afc4b-e0db-4f5a-9271-8b4cfda6cdb4,father,False
11e0322b-cd39-4a24-8f70-bee948ebc90b,d00d7c12-eadd-4f85-847d-b3baa6d9e99c,edd1ab12-74ee-488e-9365-ae17e42ca9ec,mother,True
2dcfd390-0930-45ee-94ab-195b5388413f,d00d7c12-eadd-4f85-847d-b3baa6d9e99c,bac798c2-4b1c-472c-b9fd-9435e769919c,father,False
007e0f7e-64fb-41a8-88af-a28c36d81c09,c72e7141-ce82-4d27-bb19-45bf109f1c96,7cc9b6ae-4299-499a-bcf4-d3bf45a2f889,guardian,True
a27dae97-a9ad-49e1-92a3-385cc3f8985b,8f4c86fa-c8c4-4cfe-b4c7-f702b606bc02,8ae25fcf-abf9-4db5-8309-f039e28dc507,mother,True
a126d8a7-d06d-4c39-bf21-447fc2cc220d,cc543c32-a38b-484e-b8bb-15ba22c0da0a,9743d67d-7712-4eba-85c9-241851cc6780,guardian,True
326472b9-e8bb-4793-b6ce-e5af499b6d24,fe7b3519-38d1-4af3-aae4-54616d9158f3,18aa2b96-d9fe-4b16-8094-646f57bd45bc,mother,True
f81edb8a-1bc8-477c-9515-6d4294a01c78,fe7b3519-38d1-4af3-aae4-54616d9158f3,b8511e2f-d2fa-4003-86f1-399abcb7e467,father,False
6f479abb-4ad4-4865-b613-451c3e84a0ac,f5b04cf2-df3e-4ece-a272-d476072a67c7,0d59bcef-cabd-4bce-be98-0816e7009fd9,mother,True
7b2d5d27-5748-4f0f-bf3d-7deb430d09c9,f5b04cf2-df3e-4ece-a272-d476072a67c7,0d446a8f-22ed-453b-a010-685f39ac577a,father,False
5b7cfcb5-5389-44dc-9bfd-defab3984654,b97421f4-29d3-4ed1-a5b0-0d8344a664e4,58f321af-1265-44b5-a4dd-978fb454c529,mother,True
2991c4ae-5e7a-4eb3-a1dc-c9c46744fc7d,b97421f4-29d3-4ed1-a5b0-0d8344a664e4,1adeb10d-bfdc-4d61-b9ca-c8ff54106e34,father,False
4e47ef98-0107-4e5d-8c81-cc97a81a2527,1fdbcfdd-8ef2-405c-af7f-6d3943004ace,6359747b-8608-4d8d-a0bc-d15a46b4cbd5,guardian,True
5eb7fa40-7a24-49d4-8fe4-6fb3775d5551,810de667-2e67-43b6-83d1-27460338fdd4,b6885075-2a15-4a91-9156-42205e371c1e,mother,True
b0afb42c-6d94-4642-ad3d-f3909035c46a,810de667-2e67-43b6-83d1-27460338fdd4,aeab5c35-79f2-4ba0-8b15-e84f187eb8f0,father,False
7955b5af-d1db-4024-9161-eb70e1e87d0a,3674acc5-248c-4e43-8f8d-d002016b9a46,3cf56250-e9c5-4dfb-baaa-2f9489d9b51e,father,True
b8e9afb6-a11b-4783-a65b-573fee87ff2d,a7613caa-b7e4-4569-9b96-87111feafdd2,5da8945b-87b7-4fcd-af84-fb8f7e80a5c6,guardian,True
50e57294-49bb-4b57-9e2d-f16f6af4febe,bfbde162-e1f0-4c39-9ad5-dd8f8d37e045,7f66e282-a43e-4ffd-9d8c-fceacc769173,father,True
522c7fb0-2920-41ae-b9f5-cd26d06221da,9d2ee3ec-3f5e-4939-a724-7ed87db725dd,0149a12d-594b-42d4-9c14-12ed172574bc,mother,True
25b16259-d8d3-449f-88eb-434c3961a8eb,2f28e5ad-7550-4b61-91fb-8aa09f1b302d,5022d9c3-08d8-4b0b-b25d-95d756630901,mother,True
3646094d-bed8-4145-88b2-cf2c67e93b3c,2f28e5ad-7550-4b61-91fb-8aa09f1b302d,2cc25482-8368-401e-98ed-504fe5fe8eac,father,False
5dd77805-fa13-490a-ab4e-f42606b8f9d2,7711c3cd-787f-4018-9fe2-3cf7d9a2ece1,ebf8e486-c773-4f63-8369-b4d49a0a250d,guardian,True
5d9478be-8d4a-4267-b877-b323703d0227,288a1743-4fc4-4b69-9a8c-70bbad22d615,39bb0a3f-4c9c-45f9-be4a-58c3bd496aa5,mother,True
10f46ba9-bd78-4c20-98ad-ce460da90408,288a1743-4fc4-4b69-9a8c-70bbad22d615,232a2e4d-c8da-4041-af5d-b0afb6201a37,father,False
edec380e-d434-4f61-85bb-ace160a05874,e32a3e16-f912-4585-a746-9a672a76027b,c11cc3ca-9fe9-409c-8c8e-8899c8cc422c,mother,True
8ba1fc56-7f5e-4046-85d5-af1422d0e10c,e32a3e16-f912-4585-a746-9a672a76027b,bfc81cf0-ecc2-42ba-8b36-22464368d554,father,False
2e142011-0ca2-41a2-9c78-50236dddbf1a,edc31d18-8aed-4949-8d9c-3860ff576ee3,4e8c6edc-368a-4391-b015-36c11d96a7e2,mother,True
3c76f038-5b91-457b-8ebd-ce606425a370,769ef824-f72e-4f24-97b8-20909197fb34,58ebbd6d-824a-4ca5-a624-29eeda3f4650,father,True
823418bf-4ec1-4229-bfb3-eaf094d88fbc,ed6652f4-6e0b-48a0-a671-dc5dab8949bd,787afd04-6327-4835-abc3-2e4833cbb92a,mother,True
e1fe6410-0ced-4c84-bd51-0918ea15ede8,ed6652f4-6e0b-48a0-a671-dc5dab8949bd,e3d8d618-5942-4dde-9e27-8e76ab35c91f,father,False
379fc001-f8d3-48bc-b6fb-d071438ff52e,7f8dc558-2b16-484b-a2db-86a598cc5f62,757c8281-6e5b-4536-ad7a-e6b5ff0bf2e4,guardian,True
265acd54-46a5-4f1b-9f5b-ddbe8043c560,acb92781-220d-4362-8cc5-1e807d470791,8467e3b7-414e-4de2-911e-d940cfa5c097,father,True
a1efc5f7-e40a-4ca8-9090-60dbf720ca23,c9e1c78a-91fb-48a2-9a72-f8af83b654c9,c9554546-8978-40a0-a7e9-8bd19c915125,mother,True
1d49e5f7-fddc-45e2-bb4c-9383a45811a1,c9e1c78a-91fb-48a2-9a72-f8af83b654c9,bc61c307-6ad4-410b-89f6-cb039782990a,father,False
474b9163-710b-4e1c-9e98-fc4c6af2eec4,9a5a5cc6-4c6b-4480-82b0-23f278427592,a136c4ac-6a9d-4468-8f67-8b164083b19d,mother,True
38f891f7-4fd8-440d-808d-1836fdc0e2dd,89f5dbd1-fc6b-4bc7-83d9-e442d9a866db,c0e81e86-a363-4c03-84db-c112b9e4ee01,father,True
5d00a483-9f81-4f38-a9a1-b8f006d704ee,5306b52c-f95c-4789-8ab2-cb3bf4fec075,e61e6298-bee0-4d50-907e-d61111bc6419,father,True
eaac0b9a-7588-41f6-b717-13128e14b562,346bf94a-fad3-4d90-bbc5-c859429d7e8d,24f5613a-cba2-4962-ac9a-766c7445fdf8,mother,True
ed98ad06-9a6a-431a-b36f-2f3fbf423609,346bf94a-fad3-4d90-bbc5-c859429d7e8d,4345efbd-cc05-4ef7-a95a-5669dec3d34b,father,False
ee7e82ae-7677-494f-b4c6-afaec9cf9ac3,c6c19288-497c-4d71-9b40-b1dbc5738cad,f050d1e9-06ef-47d8-90b2-54ca05383846,mother,True
a4dae541-bba7-4809-9e5a-1d4b0f112ae9,c6c19288-497c-4d71-9b40-b1dbc5738cad,2ba4e0f5-12fd-4c8d-840c-72cea5ed6741,father,False
8829f70d-20b0-4999-9887-961f78c0ea1e,76e9822c-6830-4117-8f03-ae62d3fb1284,45027ba9-cde7-4b56-9ee0-3ec8b101ec1b,father,True
fdf91b30-08ae-49ac-a225-529244d50458,e776f9f8-9361-438d-a48d-9d14731e9661,4d626809-c7b1-40bf-8e3a-27481eaab04d,mother,True
91628456-f204-4a36-aff9-174f505d8539,e776f9f8-9361-438d-a48d-9d14731e9661,878e4178-9fb8-45bb-a979-1bd24ec819d7,father,False
155be175-8357-4c53-acaa-1c4e909b2795,98f5b6fe-a4f4-4e3b-9380-edda25ed490b,795b40c7-9a0a-46d9-b35a-0c9c7668de65,mother,True
36c56d1e-f25b-4fb4-bd3a-6cdc5c850c5f,98f5b6fe-a4f4-4e3b-9380-edda25ed490b,6f0d8b8a-93af-4ba3-88e8-01d90992acb0,father,False
5d18f39d-e814-422c-8b37-ce76039a8515,d43d08ca-acd9-40a6-8208-7dc3c4042da6,b90109ba-9e42-4f25-9066-0ac01022e1fe,guardian,True
3564198e-2eae-4309-8761-1c826fb70fff,fe9ef4e6-73e9-4017-ad81-1531655882b4,47c62f27-d6e8-4bd2-ba0a-9bea0ba1e2c9,mother,True
08743535-ca5e-4a6e-a834-6fdd35653f4d,fe9ef4e6-73e9-4017-ad81-1531655882b4,db1917b7-c9ef-41ab-bb35-00ad336dcec2,father,False
29479a53-466f-40a1-9e90-cb1b132c8367,c906f45a-90cd-41cc-a535-6316f113647a,7b77ec08-07f8-40e0-97aa-04e65b32419f,mother,True
5c45c206-4a07-4145-9923-fbaf98da6e1c,c906f45a-90cd-41cc-a535-6316f113647a,03c700dc-6429-42ea-a9ee-a2b89aa64273,father,False
5ec3d567-7512-4a0c-8edc-92076bcffa7f,8ff887c0-44e8-4311-b9a0-6f680059036a,eccc8d47-b582-44e9-b5e5-87a599c9c869,mother,True
dbcf9b12-a683-4756-8e30-d946868dfe5d,8ff887c0-44e8-4311-b9a0-6f680059036a,d8f1d6c5-0a3c-48bf-9c1c-5968c43aef88,father,False
89b1a47d-0249-4f93-8c4f-91eec498fc2b,a674daf4-0eb5-4685-b842-137e950ea9a6,b2792021-884b-421a-b82b-7c3141516aae,guardian,True
60d86d03-44a3-464b-aec1-4374a5dfc9cd,f070bc39-9976-4841-9e8c-daef82e19f19,9739889f-ad66-4239-870a-ddd14e2c74b3,mother,True
ea394432-0a7a-43d9-a0e3-08cc64ee7978,f070bc39-9976-4841-9e8c-daef82e19f19,59c954d4-a490-4f76-a60f-3a26fef2244a,father,False
4c616e68-6adf-4c34-be2e-c7e443bd46c5,249d9862-a83a-493c-b3f9-f70056352a7f,fdf9f9b3-a189-482c-b12f-221ec1997dc5,father,True
418ca13b-9873-4561-950d-95afb73787cd,d271c6d0-41da-433f-bae8-f98c1a221f47,60da4a10-1997-4221-8132-fd0866c5c5b2,guardian,True
debf1c67-f8b1-470f-a201-e41502da27c8,e061238c-8f5d-4264-8e3a-acbe6f447eb2,deb52db2-1910-4eff-97dd-23ca1fca7300,mother,True
30150588-e4e1-4c98-b2b6-f60d528f25a3,e061238c-8f5d-4264-8e3a-acbe6f447eb2,d70770e4-e91c-4542-b4dc-e375809abb3d,father,False
60f66d07-2d8c-444f-9856-f039b89904fe,0ee63189-f100-4efd-a793-f31538aa6c1b,629c2f94-b4f6-4121-bdea-af53d1faf3fb,mother,True
5fd5e0aa-8977-4bf3-b3e3-10b17db6aed8,0ee63189-f100-4efd-a793-f31538aa6c1b,6caaa4ba-7fc2-4a8f-a8ad-347db090ff52,father,False
a0ad960e-f64b-4e81-b582-9b8968b99cdf,11940455-a398-4b47-9c54-dc37c6230b99,b5a9608b-da45-48d1-9ae7-604fe368e397,father,True
5e1d88c0-bf23-4418-83e1-efc8f6594d3b,82a8648e-89c4-4bd5-be1b-f3b3332e643e,e331aad3-eeb0-4c0a-80a7-2f569c41ad19,mother,True
2325cd69-eeb1-4b67-88dd-51327f7785de,82a8648e-89c4-4bd5-be1b-f3b3332e643e,eab83c2c-e098-413c-bc65-96ad5530e6a8,father,False
53e09e7b-c113-488f-9bf7-b3394481420c,39173068-cbb0-473f-991c-da2604fb51d8,0bf289b2-8344-43b1-b8fa-70a4a097ceb8,father,True
f4e9fdb2-8366-49b5-8794-dbb27d31e9ea,97bb16b2-43ef-4f1e-b67b-f53146295ba0,6c2a380b-e6dd-48de-b782-fd7c82f6f0bc,father,True
c6552222-9491-4838-9377-65bdbede9091,1d4ed028-14fb-45b7-ab17-53e417083570,5e38c0d0-7b54-45e8-8b6f-e0720d55d52e,guardian,True
e5f19a3a-57aa-4f3b-b57d-3ada36a2272a,e7aa0eb5-94fd-4dd9-9847-924f3bc282ea,a8c35fe2-7fa5-4225-a692-963784a3267a,mother,True
e4bc7a01-4e80-4c23-a427-c5c82f3a8ac0,e7aa0eb5-94fd-4dd9-9847-924f3bc282ea,73ac1fbc-4c49-4248-80d8-174361076a20,father,False
87a73762-1b2a-45ed-a2e8-c466f01fbafd,177a0c43-435d-44b5-8a64-fc6f81057931,8f5d41c2-3bca-4381-8ef9-3919f2c2525e,father,True
0ecd367c-3682-43a3-aae9-4f7b772a5dda,f158db0b-e0e7-487c-816c-d779051978f8,5c6a2b81-44af-4be7-810f-4dd1ce47fb13,mother,True
e282d589-ad16-4a14-a11e-d4e1ae05fbbf,0167beb9-2976-45fd-891c-6661b0f957b1,a1004bfb-3b5d-4cd1-b07f-d7bdccc06635,guardian,True
f60fd667-2132-4647-8f83-699ebb6a9de1,14d6ffd3-1f49-428e-860f-e5095945816d,b4d5e963-2224-4b9d-8190-a552ca08e49b,guardian,True
4f3ce9bd-8923-4f0b-8dc2-1622613128ff,23e97a08-c091-4b3c-9b11-fc698da96129,88230619-2d3e-4b50-86a5-ab602e624d0b,father,True
cd3d88a7-3b59-47b3-9f80-1c83d9348afe,0d0b67a5-1dc8-456d-910d-8d02b8f08e48,9f763f9a-48b2-471a-a6b9-77404bd5de17,mother,True
e0dea768-7058-48ce-8541-fd7b02dfea03,0d0b67a5-1dc8-456d-910d-8d02b8f08e48,761e4a07-c716-4f83-b90f-208382c226e2,father,False
20dc6b40-0f0f-4b8a-a574-610ce2c2e30f,9733afd9-9b5a-49d1-85b2-80ace13f9e9c,9aa68092-ee41-4428-953b-2d83487834bf,mother,True
f88eae89-641d-425f-88e4-3eecb14e7f66,9733afd9-9b5a-49d1-85b2-80ace13f9e9c,71a19ae9-80da-44fd-a06f-3bd234889b41,father,False
dc5b727a-5afe-4d7c-8661-e3e2a83ecac1,d47d4145-12d7-41d0-9413-ad3fcea0cbac,787af8e2-7283-47ae-a099-40083ad1e0a2,mother,True
d12ef0bc-ff3c-423b-990a-228902c2c96d,d47d4145-12d7-41d0-9413-ad3fcea0cbac,99469bee-6fb3-4dd4-a6f6-64e8c460c7a2,father,False
e1566838-32b2-4cf6-9364-a5bcba052735,0276ecf9-a9fe-4ef7-923a-a4a53feba519,96a74a9a-5181-4248-85e6-0c759bfed9ca,father,True
55f751de-532e-4384-9fbb-e04ff9e18df5,d109f1b9-11b4-4046-852d-ecc807f74f8e,14e97ded-28e6-4876-a171-557af1a83693,father,True
bb31de4e-9ce7-4cea-857e-9ff5f4047daa,766b5177-12ef-4846-9755-bb36ad40943b,108c82e3-07f9-44ea-acaf-7a226a61c4ba,mother,True
99083a2f-a97a-4f0c-8c48-800578652a52,766b5177-12ef-4846-9755-bb36ad40943b,bfdeec61-402f-4d04-b9a1-d61d0dcf8a4c,father,False
2b9d33d6-f18a-49e3-92a7-8a5632fbc3c7,8e43b6a8-1c74-4ef1-83e6-135806aab6e0,181e339a-1167-4913-9816-10f6ea2c08c9,mother,True
f8a754d0-8b31-401c-b62e-b14779fdbf05,8e43b6a8-1c74-4ef1-83e6-135806aab6e0,c7be2d30-0986-425a-95e8-f73be35741fb,father,False
fc82223d-0b1b-40ff-a501-d8397bebcf7e,16373c07-f2bb-45d6-b57f-034c3d041d3f,9a25db83-6539-4591-91dd-102206bbfcfe,guardian,True
d48690a5-e531-41d1-82ad-14b439cbbbd7,b52a2e6c-d7d9-4422-b6a9-3a4691308f2e,7f09e6a8-5bf5-4fd0-85ac-bff1a3432336,mother,True
4020a355-fa72-44e8-9b5b-eddfe80a08c1,b52a2e6c-d7d9-4422-b6a9-3a4691308f2e,b22ba8e5-0be8-45f9-8693-367413616460,father,False
a230beaa-7a36-4fe1-8e17-b015e5f8dc01,eb83785b-f7c9-44bd-bcb8-c234bd688244,44fae98f-dc8b-4c41-9306-7e0fc471fa7d,father,True
522ee902-b3a7-45c7-82b5-fd983510a1a8,2b4fa982-ed79-4d3d-b639-50dc821afdbb,423b70fc-b9da-44b1-b320-af334dc171d8,mother,True
070d602a-b226-4370-8b5f-4b205a761b39,11eb62ba-0aac-4b1f-a6d9-88c1db96acd6,b7f8bf7d-b65f-416c-b354-49701ffa9ae9,guardian,True
f49ec5b6-68af-4df9-bdc8-878f690894ce,94433eff-6d99-4e35-9c2d-da6f3585a592,1f7c2a61-0fed-4276-8dc5-fe9398aad39b,mother,True
337e3b63-fc1b-4068-ba15-71f3d66215b7,94433eff-6d99-4e35-9c2d-da6f3585a592,8dcddfb1-02a2-455b-8276-f650c25c1342,father,False
2c6e62ae-30a0-4bb1-a8d1-62d7f7fa9236,e0571660-8be7-4fdb-a253-a8520839bd2e,6cef506d-4e1e-493e-9d96-1055ea941833,guardian,True
6e67bd2d-f30c-41b3-84c2-35175176d3e9,738df21a-66e8-4628-81e7-0e9abc625b11,15bd7805-dacd-48ca-8009-e9d64c0e39c0,mother,True
e8f7d419-34e9-4d11-bcea-cd27a086df43,738df21a-66e8-4628-81e7-0e9abc625b11,4d89ce70-a277-4bfa-a7c9-56e22f21fc3d,father,False
9d7e5454-3116-4628-9d93-413a5acf0ac3,9336c72b-dd25-4528-a346-8daf04941797,e5b248b0-0a5a-4deb-ac29-117689e57a66,mother,True
34d84d7a-ba2b-4187-b2b0-c03bdfd8027c,9336c72b-dd25-4528-a346-8daf04941797,51c34d8a-aec7-40ab-afb5-51d721748619,father,False
1090b780-71bd-40de-a19b-b16213e4a2af,f958d597-b58c-4a49-9481-af33ac4877a3,ac93dc89-53d3-4db3-a1e2-75565d8c0d58,mother,True
baa2da68-8f08-46d3-b51b-ca799eea4b8e,f958d597-b58c-4a49-9481-af33ac4877a3,4a677bb2-0c5a-495d-94e8-c8a427c4c95e,father,False
216b7388-8068-418c-9376-a460ad4a3a68,7dd8dd87-f775-4098-b529-6864bbd38b08,c7617fd8-be90-4038-b92e-3788668702f0,mother,True
81979652-9193-4493-b4f9-a22c7d07eccb,7dd8dd87-f775-4098-b529-6864bbd38b08,15f6a0a0-13e5-44df-801c-634c02574e69,father,False
17033fc7-c710-460b-922e-e3befc53c9dc,92d79425-c2c2-4cf2-b7f2-767eb6edfec7,d9e17751-747b-4e8f-b9bb-9a2b16d4966b,mother,True
f46d7f52-dc75-4b3a-8202-237992a192ac,92d79425-c2c2-4cf2-b7f2-767eb6edfec7,304559fa-c8b3-4df2-9b51-360f95e06980,father,False
6c3b5c1f-967a-451a-bc57-693a8ff31cf6,91df6178-4edb-4652-a74a-c66060511918,fd3aee61-924a-4f79-9fa3-168a30acd078,mother,True
8f3b3c4f-04d2-41df-8a6d-79c59db3abc3,91df6178-4edb-4652-a74a-c66060511918,525edd65-d1b0-48ac-93a7-314efd5adeb4,father,False
c5b2fbac-28d2-4a77-88b8-c6deafa8d766,9fc10893-e51b-4515-8670-8ac72c9e8689,701469f6-502b-46b4-92d4-b6412029ba98,guardian,True
de5f96db-1830-404c-860c-aee3b0a5a9ce,f09c68c7-88c1-4977-af12-36b236ab9cda,3aea34d0-7dec-4c03-9b98-0414b6509ac1,mother,True
9cbd3040-77e7-4989-8be0-5aee33c6b95d,58bb4314-1c42-4930-90da-8a19822643b6,916895bb-d2ea-4229-8961-447086153395,father,True
5b518c78-1a8a-480d-8c01-9c221efd9388,278f4817-4ed6-491e-ae36-4ebbf4609814,e3685c49-5e1f-44a9-83b5-715078900f77,mother,True
4d3cfb0b-0710-4ba5-9869-8394e2abfb77,278f4817-4ed6-491e-ae36-4ebbf4609814,97364479-c3c7-48da-a195-6baf9aeea513,father,False
ae417185-2bd9-4074-b6a6-63195b4c1d34,524b605b-c1c5-49cb-8122-4c8716838a58,3908f7f3-447c-4253-a259-dc374b36109a,mother,True
3b8c1bea-5c48-447f-9301-5d3f03879276,524b605b-c1c5-49cb-8122-4c8716838a58,41e2fa80-5895-47bb-8d17-fe1b932e1395,father,False
4e4b0e34-b33a-4b69-82b6-78b06e9ea833,972abb14-503e-4317-be71-64ea347e1f87,2ccbace6-dc04-469d-ae16-21cb3faa959d,mother,True
1b4a4dbc-3ab8-40d9-bb82-3f2fdfe7f21b,f9aa8bd1-6adc-42ad-b369-69e2daea1a31,1611216b-fd8b-4b1a-8d17-07441cbb1921,mother,True
006ba1e2-8f20-4f02-b86d-b567b4e7da70,f9aa8bd1-6adc-42ad-b369-69e2daea1a31,323cb9ef-b79f-4a33-81dd-1098e15571a5,father,False
a3543d41-5b35-4ed2-8886-383050a74b07,8f5ff179-92d1-4c27-8c4e-72443cb6ad4a,88ee3490-2cf2-4e89-9029-17ff7c582462,mother,True
4206035c-be86-4ea1-bfea-cb794b91e367,8f5ff179-92d1-4c27-8c4e-72443cb6ad4a,d6af4523-ea7e-4b49-8134-28e4d3f5871f,father,False
1525138f-0c82-4ae2-95a1-5bdafe94d475,ec712bb3-5c47-4dbf-892b-6175f337a8a6,6fae421f-3878-4957-a468-8eb75fc5d3be,mother,True
bd707182-7afe-421d-b5e9-a7e0ce3059c0,b5b1ee17-8f8b-4d37-b0d8-c1ad2ea706d7,6609603a-b288-474d-83e6-9c725c689a03,guardian,True
f67b6d51-ef6a-474b-b36f-78e2abba19b1,27568949-a40b-40e5-b8ca-7b4f814398e6,c6e7355f-e3ef-4bf6-90ea-6b2f7b55ea07,father,True
40310303-91c0-4066-b37a-9c0e235f0576,9f318888-11e0-4956-80a7-f2f03bfe65b4,17d76bb0-9d50-4a73-b921-302e3f4484e1,mother,True
d20baf47-2127-4188-9fbf-28225cb76268,e4e41400-27a2-4c26-9e8d-1340fdd87548,9ccc01c9-709f-4986-a313-a3e556c1d287,mother,True
f1cdbe2e-46b5-40b3-849e-81e9d15b1047,e4e41400-27a2-4c26-9e8d-1340fdd87548,d949175a-169f-443f-949c-657c95650ec7,father,False
341ab867-2ff4-4a24-b22e-fd7ee412733c,7a73a843-8fd8-43e9-85c6-1a51ce5e3d60,398cfb84-1880-4c72-8c91-4cdbaa804697,guardian,True
