student_id,user_id,admission_number,class_id,date_of_admission,status,dropout_date,dropout_reason
a654b3c4-50e2-4e6f-a5ae-6a29204f3853,0a6cd3e0-0a85-4e72-b6fe-249c3b4b436c,LPS20200000,010e7eee-c3c6-4359-a62f-4c7148c1a317,2020-01-01,dropped_out,2024-09-18,Health issues
7419ed6c-b885-4696-beaf-107ba46d6ff6,1ad8c372-1440-4dc9-aeba-bf1223722922,LPS20200001,010e7eee-c3c6-4359-a62f-4c7148c1a317,2019-05-29,active,,
c6488898-8dcf-44fc-8838-274f632d8bc8,15a3fd12-3cf8-4d9d-97b5-8b6559480583,LPS20200002,010e7eee-c3c6-4359-a62f-4c7148c1a317,2019-05-29,active,,
899f4302-6616-44ef-9bcc-e554ef6b2f9e,2049eaf5-e4f3-4b34-81c9-e776ea4f8163,LPS20200003,010e7eee-c3c6-4359-a62f-4c7148c1a317,2019-02-23,active,,
48f71c24-143d-4acd-8ca1-9a7b3a844535,0635a719-04fb-45a9-abfc-9173068e7634,LPS20200004,010e7eee-c3c6-4359-a62f-4c7148c1a317,2019-11-12,active,,
d27cdb49-a2c6-4a2e-934a-3dce7a77ea21,08d579d6-ef50-4aa0-aa55-c617b625da4d,LPS20200005,010e7eee-c3c6-4359-a62f-4c7148c1a317,2019-03-11,active,,
4a251595-303b-4687-ab96-39ab6c133912,8cf52396-eb4b-47e6-9e47-2f5372973164,LPS20200006,010e7eee-c3c6-4359-a62f-4c7148c1a317,2019-11-24,active,,
1af21662-0574-4cc3-a41a-39005eaf1d7a,2c872f50-34e9-4c69-9bfa-1cec69984a7a,LPS20200007,010e7eee-c3c6-4359-a62f-4c7148c1a317,2019-01-30,active,,
c7275b0e-c642-4888-bc85-4d4dd0f52b87,5c15e1b6-ee63-4fd5-b440-22f629daca24,LPS20200008,010e7eee-c3c6-4359-a62f-4c7148c1a317,2019-02-27,active,,
2c114253-6a98-4428-bef3-0cadf3e12103,d0e8d380-d3e4-4a34-8d20-c650e06eb7aa,LPS20200009,010e7eee-c3c6-4359-a62f-4c7148c1a317,2019-07-12,active,,
dfc95384-6cd7-49cf-9280-a75a13715302,12202feb-05db-4cb7-abda-3d3e4516d889,LPS20200010,010e7eee-c3c6-4359-a62f-4c7148c1a317,2019-12-16,active,,
5275eb81-ddb4-4e84-a7d5-cf07c9b9b5c0,d6e388f9-8796-47bb-98d8-d76936bd7f56,LPS20200011,010e7eee-c3c6-4359-a62f-4c7148c1a317,2019-11-28,active,,
bbf1dcbf-3b6e-46cd-a56f-4d5049933014,ab16901c-9d5d-4b5b-a493-8fc078109e24,LPS20200012,010e7eee-c3c6-4359-a62f-4c7148c1a317,2019-08-31,active,,
1e1be730-3dab-4883-bbac-7c52299bf4ac,79b6e4cd-64f9-4c27-8bb6-109571331721,LPS20200013,010e7eee-c3c6-4359-a62f-4c7148c1a317,2019-04-29,active,,
f19e3489-a7b0-40fc-a5b4-adc7eb75efc2,eb8f945f-1dc1-4fa6-8e6b-a200e8008a5e,LPS20200014,010e7eee-c3c6-4359-a62f-4c7148c1a317,2019-06-17,active,,
fbed3430-d7ca-4388-81b1-14356dd475ca,22b7eb6c-8232-4ab9-9481-a50d9cd5050a,LPS20200015,010e7eee-c3c6-4359-a62f-4c7148c1a317,2019-10-24,active,,
9621e790-fd5e-4832-97c2-1efe52645eda,12f0cdbe-04e5-4196-8a43-359a44395f6c,LPS20200016,010e7eee-c3c6-4359-a62f-4c7148c1a317,2019-07-28,active,,
7c6867ed-fe7b-4caf-9676-6581eaaeeedf,68c3f8e1-e709-47b2-b01d-e50b0d2d3ace,LPS20200017,010e7eee-c3c6-4359-a62f-4c7148c1a317,2019-05-13,active,,
36d32f74-b218-4373-8093-b4ea9c156a34,379f84ef-2504-47f1-a771-2af1ab6d355f,LPS20200018,010e7eee-c3c6-4359-a62f-4c7148c1a317,2019-07-30,active,,
e1d85deb-2b85-43ef-95f2-0cc89dd240eb,a2c36cd4-8e8e-4447-bd2a-c4b593a4a4e2,LPS20200019,010e7eee-c3c6-4359-a62f-4c7148c1a317,2019-09-16,active,,
1d0169a1-92d3-4729-9e7e-1cf21d4bc629,9e345bc7-ba45-4c53-b264-29386f476a74,LPS20200020,010e7eee-c3c6-4359-a62f-4c7148c1a317,2019-11-24,active,,
12c01558-f8bf-4ba7-91db-723a01d30eed,0a376ff2-925a-4fea-ad0a-7f914e02060b,LPS20200021,010e7eee-c3c6-4359-a62f-4c7148c1a317,2019-02-08,active,,
920caf44-cd63-463b-baba-3c2153fbbc7c,85406104-8713-49d8-b197-828c51b66fe3,LPS20200022,010e7eee-c3c6-4359-a62f-4c7148c1a317,2019-10-04,active,,
d78edf6e-09ec-4603-81d6-70d51d08ea77,2f544a2b-6c44-4815-9500-84156da441d7,LPS20200023,010e7eee-c3c6-4359-a62f-4c7148c1a317,2019-12-22,active,,
bbee3f5b-6396-44d5-8c6f-9f51da4ff388,f0b79aa7-6309-430b-b957-9381b3447bdd,LPS20200024,010e7eee-c3c6-4359-a62f-4c7148c1a317,2019-06-06,active,,
adda2b65-c5c8-468c-aef9-9bb0b4cb25d1,75fe6789-b483-4735-8771-4225e0ebf201,LPS20200025,010e7eee-c3c6-4359-a62f-4c7148c1a317,2019-05-21,active,,
7bd462fb-9967-45b1-9206-c450cd695e8b,95514837-aae6-4e48-bb30-f3857ce79cee,LPS20200026,010e7eee-c3c6-4359-a62f-4c7148c1a317,2019-06-08,active,,
cb1a7804-4ecb-4748-983d-ef9220aaf693,ec610360-a455-4b05-afea-ab73feea4db9,LPS20200027,010e7eee-c3c6-4359-a62f-4c7148c1a317,2019-10-10,active,,
cce11e50-b7a9-487a-af2c-f5a0a270d831,92cb59fd-c651-41f7-bebc-3014a83fc4fc,LPS20200028,010e7eee-c3c6-4359-a62f-4c7148c1a317,2019-01-16,active,,
f9699e4d-7b5d-4464-b25e-2cd44ad8227d,fe1b2191-f42b-475d-b07f-14a7b38457ba,LPS20200029,010e7eee-c3c6-4359-a62f-4c7148c1a317,2019-02-05,active,,
f3280b26-3892-40ef-8766-f661a6172d92,ad158a01-17b2-4fb5-9a7b-14fa2a8ecdfd,LPS20200100,a2a97293-46a6-40dd-b7b9-129e1e6b7970,2019-09-12,active,,
61586fbe-30bb-4e76-827e-693fc056ff22,e6306128-5021-4c8d-99bc-0a9e1a62cccb,LPS20200101,a2a97293-46a6-40dd-b7b9-129e1e6b7970,2019-12-10,active,,
23051ecc-4d89-4dc1-bc90-8b7c48eb3bc1,b2afcf41-72f4-4daf-9ec9-a8b69755f51a,LPS20200102,a2a97293-46a6-40dd-b7b9-129e1e6b7970,2019-10-04,active,,
ac27d7d9-aaf7-4f0e-b18b-c450a05e58c5,7d64f40c-4b43-49d0-be0f-2671ac733b03,LPS20200103,a2a97293-46a6-40dd-b7b9-129e1e6b7970,2020-01-07,active,,
f066bf97-59f8-46d5-8d40-ef36f820f04a,d6150f68-4f3a-408a-a5bb-335081361034,LPS20200104,a2a97293-46a6-40dd-b7b9-129e1e6b7970,2019-08-19,dropped_out,2024-07-19,Financial difficulties
2c2919e5-0dcd-4b76-a923-eaf99f7b26b6,48ef0de4-a72e-4d9f-b1ed-3b9681b84569,LPS20200105,a2a97293-46a6-40dd-b7b9-129e1e6b7970,2019-02-08,active,,
a311c195-0134-4bf2-a66c-f02fde3b846c,606fb1fd-4906-4f21-8e91-9294bbccc47c,LPS20200106,a2a97293-46a6-40dd-b7b9-129e1e6b7970,2019-05-04,active,,
db26c482-2e80-460c-b94f-e1ff7bfd54e8,e4ba7a96-f31d-45ca-b5e1-6d07cbec4d45,LPS20200107,a2a97293-46a6-40dd-b7b9-129e1e6b7970,2019-02-06,active,,
dd4b60e9-daa4-4f5b-a358-31b377ee5fd1,60b99854-6ea8-42d4-adef-74428816d1df,LPS20200108,a2a97293-46a6-40dd-b7b9-129e1e6b7970,2019-02-12,active,,
a8fc182f-b8b4-4cb2-a72d-b429d829c278,da70fdf3-7ba6-4240-880d-016518613344,LPS20200109,a2a97293-46a6-40dd-b7b9-129e1e6b7970,2019-04-26,active,,
08835c85-4906-4913-9ebb-d29738171539,bbe986c6-ef95-40a4-9968-b597f528cdd1,LPS20200110,a2a97293-46a6-40dd-b7b9-129e1e6b7970,2019-09-06,active,,
afd990a7-3781-48ec-9633-3ce2d16ac891,1ca9a793-8e92-43c0-a3e6-8acb456a52a9,LPS20200111,a2a97293-46a6-40dd-b7b9-129e1e6b7970,2019-02-24,active,,
3607b7ec-4958-4300-b2ff-7e49af73e3ff,2e3ea2b0-2dc3-4da4-9154-50bb5367c6b8,LPS20200112,a2a97293-46a6-40dd-b7b9-129e1e6b7970,2019-08-11,active,,
cb9c7961-91ca-47a1-9d38-533ec436e99a,81add3a5-661c-4161-94ef-f62df575f7f3,LPS20200113,a2a97293-46a6-40dd-b7b9-129e1e6b7970,2019-12-03,dropped_out,2024-12-07,Academic struggles
1c2cf72b-cf85-4fe4-8709-f816928d02de,a0e392c4-783c-402c-8d04-133b86cf4709,LPS20200114,a2a97293-46a6-40dd-b7b9-129e1e6b7970,2019-03-03,active,,
aa653a5c-6aad-427e-a103-b588d5386dab,0d535d57-889f-4e13-a6c0-1b3e89a85a48,LPS20200115,a2a97293-46a6-40dd-b7b9-129e1e6b7970,2019-08-24,active,,
11c30fd7-f402-4051-9a9c-5b4b79bd80af,85883ff5-1a4d-4bad-8400-0eae29233477,LPS20200116,a2a97293-46a6-40dd-b7b9-129e1e6b7970,2019-08-31,active,,
5a726ec7-3e82-4fa2-a653-aa20463fcfa6,e71a584f-1265-4df3-a64b-918339d1ae63,LPS20200117,a2a97293-46a6-40dd-b7b9-129e1e6b7970,2019-02-26,active,,
9ae73f5a-1585-498c-9d1d-3af42ccc18ca,2bb354da-3b28-457b-a7a7-056ae4c094ba,LPS20200118,a2a97293-46a6-40dd-b7b9-129e1e6b7970,2019-02-23,active,,
0513efa8-a7bb-4a84-8df3-bca4deb29883,eca5719d-93ac-4a17-819b-a89a6430a0d6,LPS20200119,a2a97293-46a6-40dd-b7b9-129e1e6b7970,2019-09-10,active,,
6329dc6d-5739-4964-8c36-ca1872e915dd,12a557af-14f8-4d6f-b71b-37d346a9e3da,LPS20200120,a2a97293-46a6-40dd-b7b9-129e1e6b7970,2019-07-20,active,,
6a391b4e-93d8-4e3b-a290-e8a9de1e7717,3f2fab11-1c53-43a5-a0e6-655311889dd5,LPS20200121,a2a97293-46a6-40dd-b7b9-129e1e6b7970,2019-06-02,active,,
408e6758-7e6c-4455-84ec-48205302f875,9cc7abda-a52d-44f4-bf4a-5d25c9c8ea59,LPS20200122,a2a97293-46a6-40dd-b7b9-129e1e6b7970,2019-03-27,active,,
bed9419b-b0a3-40a3-aa32-5e574c68e381,252c46d2-1bea-49c1-9ebf-345fb3bdf8f0,LPS20200123,a2a97293-46a6-40dd-b7b9-129e1e6b7970,2019-10-30,active,,
386d1b00-1c43-42fd-a320-58288a95ed47,a3c65419-5abd-48ae-bf6f-345dff36c46e,LPS20200124,a2a97293-46a6-40dd-b7b9-129e1e6b7970,2019-02-01,active,,
39c57bdb-fb26-4a24-8a99-15e09948123a,c6615e48-1d89-4b8c-bded-b76017a287dd,LPS20200125,a2a97293-46a6-40dd-b7b9-129e1e6b7970,2019-02-05,active,,
00a6c55c-68ae-44d3-bd07-c5adf22b2e10,cab705ef-7f46-43dd-9dc2-9468d965aeed,LPS20200126,a2a97293-46a6-40dd-b7b9-129e1e6b7970,2019-02-10,active,,
7366d573-a306-4799-b3dc-b307892fa06c,0b0c5c87-38ae-4879-9e2f-3438a7a17c12,LPS20200127,a2a97293-46a6-40dd-b7b9-129e1e6b7970,2019-05-13,active,,
324c5043-02af-4a34-be5e-ed82c2de89d9,f9bd3f3c-31e3-415f-9f30-017e0a027aa1,LPS20200128,a2a97293-46a6-40dd-b7b9-129e1e6b7970,2019-12-09,active,,
1b61165a-509e-4ca3-9775-d1da5d67194e,a7e07c16-d263-47d4-8d79-f021afa13c17,LPS20200129,a2a97293-46a6-40dd-b7b9-129e1e6b7970,2019-06-16,active,,
277be454-bf7f-4714-96aa-be5829495ef1,88190c43-b428-4ac4-abec-476309dc0a44,LPS20210200,38be4c48-d231-4d32-9528-b4229fc0ea13,2019-12-16,active,,
483ec5ee-b670-4ca6-ae81-67c582be6cf5,ac59195b-e484-43dd-8fed-2a87c946668f,LPS20210201,38be4c48-d231-4d32-9528-b4229fc0ea13,2019-01-11,active,,
8dcb21f7-fc52-434a-abed-938316fd91aa,a07a6453-43e1-44f7-a1ab-8d2776a388d8,LPS20210202,38be4c48-d231-4d32-9528-b4229fc0ea13,2019-02-13,active,,
016a27c9-a677-4dc7-a17e-b5dd3122b383,bc8fcb0c-7745-461b-8a58-f158f697843f,LPS20210203,38be4c48-d231-4d32-9528-b4229fc0ea13,2019-07-04,active,,
80e40fa3-8a8c-473b-a6e5-224f3d62ec31,f43bf8e7-3ddb-4606-8e13-92a5fa3ab17b,LPS20210204,38be4c48-d231-4d32-9528-b4229fc0ea13,2019-03-28,active,,
504ebebf-81cb-428e-b8c3-35cf730e0d61,93140fb6-2b71-4689-807c-aed861445f2c,LPS20210205,38be4c48-d231-4d32-9528-b4229fc0ea13,2019-12-07,active,,
43199763-5bc8-47b9-a7c2-382a75a0c410,e5b68189-0281-4f26-979f-46c501d0f271,LPS20210206,38be4c48-d231-4d32-9528-b4229fc0ea13,2019-12-12,active,,
5a5413c9-218b-4e05-9cc3-9d551c0c7969,6852ec7e-92f2-410f-9545-05b960b6be66,LPS20210207,38be4c48-d231-4d32-9528-b4229fc0ea13,2019-03-02,active,,
92a945aa-d00e-46cc-b579-72cac1396b21,e842bd9a-5740-46cd-8b84-44dc95185cda,LPS20210208,38be4c48-d231-4d32-9528-b4229fc0ea13,2019-04-24,active,,
4211e4f7-6538-47ae-b17f-9985ac0d62d4,db2b4447-4c5a-4da8-9302-a7158906914c,LPS20210209,38be4c48-d231-4d32-9528-b4229fc0ea13,2019-09-22,active,,
e6c39b1c-aff9-4d2a-af09-5059734b843e,f27f9317-070e-4cc0-a5b8-711d1fea8fcd,LPS20210210,38be4c48-d231-4d32-9528-b4229fc0ea13,2019-11-27,active,,
30d941f7-ce96-4cbe-9666-630876be06a3,9b884446-7998-442e-a369-e78acdb00a19,LPS20210211,38be4c48-d231-4d32-9528-b4229fc0ea13,2019-06-26,active,,
5f5b6824-2866-4c60-a58a-c08a5e4f748f,7a348316-7fc7-4c8f-8340-089cb6ced523,LPS20210212,38be4c48-d231-4d32-9528-b4229fc0ea13,2019-08-21,active,,
d0083cd1-5bd2-49e0-a1db-7a6da077b29a,a2c387fa-dce0-4b02-acf8-17c6fb61268c,LPS20210213,38be4c48-d231-4d32-9528-b4229fc0ea13,2019-02-14,dropped_out,2024-06-20,Academic struggles
c89c03af-dc59-4cb7-a7a1-9486f987509f,2daae4d5-4a94-405e-a2fd-a77c06ff426b,LPS20210214,38be4c48-d231-4d32-9528-b4229fc0ea13,2019-11-01,active,,
b39db198-e8ba-4766-82df-3f78ba818cad,4f5f899f-ea4a-47fa-a5f7-ccbe9dede188,LPS20210215,38be4c48-d231-4d32-9528-b4229fc0ea13,2019-06-13,active,,
47095378-e444-4847-8b6b-f71dfbb714fc,70f43e71-b22f-4ffe-a1c4-e44a209a1a9f,LPS20210216,38be4c48-d231-4d32-9528-b4229fc0ea13,2019-12-22,active,,
b7b42099-a532-4dba-bf6f-79733ea6534a,f83f19b4-c26e-462c-8ecb-da944fe074ee,LPS20210217,38be4c48-d231-4d32-9528-b4229fc0ea13,2019-10-20,active,,
643bd4f4-4832-4edc-949e-1d68a504016e,c7254f78-ad1a-4dee-b46a-3c23518b7111,LPS20210218,38be4c48-d231-4d32-9528-b4229fc0ea13,2019-03-31,active,,
adbe0075-ca06-4014-a4b4-4dc787ad00b8,6200e5e6-95d5-46c5-b7ef-70080af6ac8c,LPS20210219,38be4c48-d231-4d32-9528-b4229fc0ea13,2019-06-26,active,,
48f59332-0a52-4e9a-a969-5a3952a3cc1b,475927af-c355-41d4-8480-79df0a1f3c56,LPS20210220,38be4c48-d231-4d32-9528-b4229fc0ea13,2019-03-29,active,,
29612af5-765a-4bc4-8c5b-56640dd34760,31bb5a9c-3be5-48ab-8c57-db69554eb81f,LPS20210221,38be4c48-d231-4d32-9528-b4229fc0ea13,2019-04-30,active,,
17b82d29-4b46-47b8-8164-23303a599dba,1237ac4a-0c10-4984-9f92-5ba0aa84301d,LPS20210222,38be4c48-d231-4d32-9528-b4229fc0ea13,2019-05-03,active,,
97360c1a-3268-4ed7-b23e-aa4449558fe2,fa017503-c199-47c8-8629-c15a234f0eb0,LPS20210223,38be4c48-d231-4d32-9528-b4229fc0ea13,2019-07-30,active,,
362b71a8-5f8d-4b5d-bddf-abdf34db0071,5d6d8797-7447-4284-b1a2-879ac7459452,LPS20210224,38be4c48-d231-4d32-9528-b4229fc0ea13,2019-07-05,active,,
361cc46d-cdb0-4470-8d2c-068180ea09e9,135786e1-7caa-4cdc-9186-83afa1543315,LPS20210225,38be4c48-d231-4d32-9528-b4229fc0ea13,2019-03-07,active,,
38e836d5-062d-475f-bda1-15955a075ec1,928f889a-ce63-428b-b6ed-39eb79a04955,LPS20210226,38be4c48-d231-4d32-9528-b4229fc0ea13,2019-01-26,active,,
14a12dc4-98a2-422b-bdb0-f7985cc37a35,36627586-c58c-4311-9600-09e573265236,LPS20210227,38be4c48-d231-4d32-9528-b4229fc0ea13,2019-06-16,active,,
fbd0a673-a149-4377-aa44-20d4ee434e0b,691b08ea-36c8-4703-a523-ea5a745563b5,LPS20210228,38be4c48-d231-4d32-9528-b4229fc0ea13,2019-07-23,active,,
d29660d9-942a-44cb-a3d8-1ad333ed6f22,92400696-bba7-402a-a4f1-4e3ef4d80c33,LPS20210229,38be4c48-d231-4d32-9528-b4229fc0ea13,2019-01-07,active,,
cce02a22-b42d-4d39-9032-82fd80a2d345,ae222064-0a15-446f-9459-72a44c93f23b,LPS20210300,2b08e841-a1ef-4187-b3da-c8bacf9b78a7,2019-12-13,active,,
7414b8bd-6f7d-4e87-8e5c-f8175d796b4f,b0c2938b-695e-44bd-b62c-eef188ef6c6b,LPS20210301,2b08e841-a1ef-4187-b3da-c8bacf9b78a7,2019-03-11,active,,
16602159-b3ae-4a33-b017-03148ab676dd,e00094ea-6e29-4fbb-b37d-9935c272a734,LPS20210302,2b08e841-a1ef-4187-b3da-c8bacf9b78a7,2019-08-04,active,,
67870e34-9503-4dbf-b9b3-bc2920893ab6,28e74631-09d3-4b10-80d7-d9e5655f8ad2,LPS20210303,2b08e841-a1ef-4187-b3da-c8bacf9b78a7,2019-03-13,active,,
4538c2d6-e85e-41b5-8b00-b6f0eff17959,85d37538-c93d-4d58-a087-e0bdf8da7a9e,LPS20210304,2b08e841-a1ef-4187-b3da-c8bacf9b78a7,2019-12-19,active,,
7a5d7e56-e1e3-453e-b390-6e8463f29b93,b7468fb7-b173-4ca1-a8e7-315f5f5931e8,LPS20210305,2b08e841-a1ef-4187-b3da-c8bacf9b78a7,2019-08-02,dropped_out,2024-07-19,Financial difficulties
998119c8-a82d-42fb-8ade-5abbcd38e379,1c0429a0-b686-4ba7-8eb6-a29b0d94f817,LPS20210306,2b08e841-a1ef-4187-b3da-c8bacf9b78a7,2019-08-15,active,,
7cad5eb9-6c07-47f3-a30b-8eab7cef01d8,b8c77d92-f35f-4d75-a693-b675bc197df4,LPS20210307,2b08e841-a1ef-4187-b3da-c8bacf9b78a7,2019-12-18,active,,
13234cd0-a9ce-42ee-8d91-68c11da28fad,c79ae851-3f53-4136-94e2-034c2a50a048,LPS20210308,2b08e841-a1ef-4187-b3da-c8bacf9b78a7,2019-12-10,active,,
33de6599-58b4-4717-b5c1-babbd8bb45e7,bd895765-b48f-4223-9ab8-ee97235c2179,LPS20210309,2b08e841-a1ef-4187-b3da-c8bacf9b78a7,2019-11-27,active,,
f1fa5023-0a75-4bf3-8e62-58bf5e7365f5,19ce5250-abf7-46ca-a8ff-fffccf87596c,LPS20210310,2b08e841-a1ef-4187-b3da-c8bacf9b78a7,2019-05-02,active,,
b023b6a3-6711-47d0-8cf8-bd44df26ef6e,a2291f4c-0f7c-486a-abc7-085545dd3b62,LPS20210311,2b08e841-a1ef-4187-b3da-c8bacf9b78a7,2019-05-12,active,,
3def2aa2-e990-4329-bcdd-67d701aaa434,3dee186b-9b5e-4b03-a0dd-465066483379,LPS20210312,2b08e841-a1ef-4187-b3da-c8bacf9b78a7,2019-08-07,active,,
ac8342d4-d6cf-4cb5-8646-94b0966e1637,41cfc712-9ff9-4d5b-a050-4d548117357f,LPS20210313,2b08e841-a1ef-4187-b3da-c8bacf9b78a7,2019-07-30,active,,
caf4a55b-f106-4ef8-add5-77d41e44d16d,77bba683-630b-41e2-8e36-727d4cbfb305,LPS20210314,2b08e841-a1ef-4187-b3da-c8bacf9b78a7,2019-03-02,active,,
fea9c195-486d-45ed-a145-2c6be74f0159,326d47ca-3bc1-4ac2-a07d-39b37077f914,LPS20210315,2b08e841-a1ef-4187-b3da-c8bacf9b78a7,2019-09-01,active,,
9551a47b-e231-417f-8d2f-ae37d7d08201,3e1137f0-5b19-4e98-8f37-16e69928487b,LPS20210316,2b08e841-a1ef-4187-b3da-c8bacf9b78a7,2019-08-28,active,,
ac84045c-0016-41d4-ac41-c38e581622ff,92a03456-75c4-4cbb-ba86-a3e0dff05024,LPS20210317,2b08e841-a1ef-4187-b3da-c8bacf9b78a7,2019-10-20,active,,
5f6dda81-1bb1-45a7-b853-0279d86170d9,05279992-22f6-44a7-866c-ac6fba150b09,LPS20210318,2b08e841-a1ef-4187-b3da-c8bacf9b78a7,2019-08-13,active,,
54440ed8-33f7-4878-91bf-e9906b18d0f0,8a2fd675-d409-49dd-a23e-0a9ef9676dcb,LPS20210319,2b08e841-a1ef-4187-b3da-c8bacf9b78a7,2019-05-19,active,,
dfaca38e-b8d9-4ed8-b330-dfaa878ef036,b99b64f5-a358-47bb-a689-41909c38f920,LPS20210320,2b08e841-a1ef-4187-b3da-c8bacf9b78a7,2019-09-12,active,,
c1440b63-b996-4542-9316-5e548948d34b,953ff8e7-f687-4d8c-8c68-f8703c432b58,LPS20210321,2b08e841-a1ef-4187-b3da-c8bacf9b78a7,2020-01-07,active,,
7067c753-dcbd-41fb-9124-fa31aafadeb2,fd376d28-6649-4773-8c24-33e26b0bc09b,LPS20210322,2b08e841-a1ef-4187-b3da-c8bacf9b78a7,2019-06-19,active,,
40abda67-4749-49a8-838b-a7ca554b0ae4,3e2aac07-78ce-4bdc-83fc-0bc51ed2ead1,LPS20210323,2b08e841-a1ef-4187-b3da-c8bacf9b78a7,2019-07-22,active,,
023469d1-1843-4322-be65-8673485fa7ea,c162950b-f326-4913-a9b7-3272ddf83e86,LPS20210324,2b08e841-a1ef-4187-b3da-c8bacf9b78a7,2019-08-07,active,,
c16f4826-ff6c-4736-a56a-d92751192d02,64a9a2b1-ca93-47fd-9bbd-932ba4fd1679,LPS20210325,2b08e841-a1ef-4187-b3da-c8bacf9b78a7,2019-08-07,active,,
8fc93636-15f3-456a-adbb-11dc1894930f,43b648cf-74fb-4dec-b249-a54a7dcfe6f4,LPS20210326,2b08e841-a1ef-4187-b3da-c8bacf9b78a7,2019-11-02,active,,
d797873c-d5dd-4598-96f3-cad2e689a9f3,cbfd97e1-5d9a-4f08-8c57-a29b84505310,LPS20210327,2b08e841-a1ef-4187-b3da-c8bacf9b78a7,2019-01-10,active,,
defc699e-7cdf-43e4-ad44-613d047e92e7,f8b39a9f-f582-4f00-a1d2-2345b035496d,LPS20210328,2b08e841-a1ef-4187-b3da-c8bacf9b78a7,2019-10-09,active,,
01f96a7e-1c56-414b-9119-c94f9b3e08d7,c9cf815a-5606-4a6b-8e81-be4e6652d846,LPS20210329,2b08e841-a1ef-4187-b3da-c8bacf9b78a7,2019-08-18,active,,
3af0f85c-4e84-4aae-82b3-0a9228e2c5f8,4d05e808-60d7-470b-a19c-477d9d9ce292,LPS20220400,e0e08f55-e023-485d-a48c-99540e838721,2019-12-15,active,,
224896f0-768f-4736-bdee-fae8cf8c66d8,02d87208-6ce4-4021-bb5b-52f4b771c562,LPS20220401,e0e08f55-e023-485d-a48c-99540e838721,2019-11-21,active,,
412cedc4-4232-4fb5-a45d-09ffd2e7d989,54d2544e-8a79-40d3-98a5-0e0d2b785ece,LPS20220402,e0e08f55-e023-485d-a48c-99540e838721,2019-12-12,active,,
da940f21-f714-4e98-8f29-256067ef5488,a10627fc-ffae-458b-9019-27f3f60b7ac6,LPS20220403,e0e08f55-e023-485d-a48c-99540e838721,2019-03-17,dropped_out,2024-10-22,Personal reasons
dca23f09-e7bf-4331-afe6-ad04c5042397,349682b9-0d53-4c8c-a713-ed4cc401cf3f,LPS20220404,e0e08f55-e023-485d-a48c-99540e838721,2019-07-20,active,,
14ab2b28-2000-409d-b77b-5f0f9f9a0974,c058cd44-07c9-4330-9242-604919306767,LPS20220405,e0e08f55-e023-485d-a48c-99540e838721,2019-06-28,active,,
91be399d-3a79-40b5-8f7c-8f35feaa215b,cbd05067-c76a-4ca5-9786-ec58c50f5bfc,LPS20220406,e0e08f55-e023-485d-a48c-99540e838721,2019-02-17,active,,
a49615ad-782c-477a-a4e1-2daf02c56ef8,00265d25-2c79-4e09-bdae-1f4bcac95ce9,LPS20220407,e0e08f55-e023-485d-a48c-99540e838721,2019-07-05,active,,
9f777e45-868d-47ed-bebc-4e32a75bb6ea,e08f03b8-f74a-4bc2-9927-b9526625f815,LPS20220408,e0e08f55-e023-485d-a48c-99540e838721,2019-01-27,active,,
2a6ad038-466c-4028-83e8-a70ce0d0f5ab,219487a7-ee2b-4438-8f2a-d0cd2f68a2e0,LPS20220409,e0e08f55-e023-485d-a48c-99540e838721,2019-11-21,active,,
6f74847f-8934-405c-84b1-cd45103b6716,febd6cc3-16a4-4565-a3c3-e58dd766d0fb,LPS20220410,e0e08f55-e023-485d-a48c-99540e838721,2019-12-15,active,,
02b5caa9-cf9a-4d74-b3be-93c14466acc9,8d0183e1-f107-4843-b10f-4aff4f071031,LPS20220411,e0e08f55-e023-485d-a48c-99540e838721,2019-12-31,active,,
674b112b-aa3b-4725-a43c-eaf76eb3ba94,a722effa-7238-406e-9453-0d50d2fefdda,LPS20220412,e0e08f55-e023-485d-a48c-99540e838721,2019-11-13,active,,
04ac6a2a-7c7b-4894-be48-41adf546743e,4da67d3c-1544-4a07-b1de-9461516762aa,LPS20220413,e0e08f55-e023-485d-a48c-99540e838721,2019-10-30,active,,
17140ed7-6902-4ddf-8b8c-c08c49ea9fee,ce851b87-edfa-46a0-b602-35561e58575e,LPS20220414,e0e08f55-e023-485d-a48c-99540e838721,2019-07-29,active,,
4a1b5aa9-62bb-46b9-a172-d6fb8b9a90f2,0cb7124a-ad89-41cf-9886-f061d864d823,LPS20220415,e0e08f55-e023-485d-a48c-99540e838721,2019-05-11,active,,
32481374-30d9-4168-9305-3aef3d0471e8,34855ab7-cec0-4199-bbb1-e8caddab6f8d,LPS20220416,e0e08f55-e023-485d-a48c-99540e838721,2019-03-09,active,,
ee97a046-5088-4ee1-96ae-1cd918c89056,6503b64a-3493-49e1-87f8-4189b7ef7b89,LPS20220417,e0e08f55-e023-485d-a48c-99540e838721,2019-12-11,active,,
a78ac932-0b09-46c2-a21f-749b2687be81,ccc0b769-27fb-4484-85e7-02084e860915,LPS20220418,e0e08f55-e023-485d-a48c-99540e838721,2019-06-30,active,,
5b199259-e0f6-416c-a5f5-a3f78d364d39,6d349ed3-5c99-4e87-b713-4595f3f93ea0,LPS20220419,e0e08f55-e023-485d-a48c-99540e838721,2019-08-16,active,,
50a8963d-f2f6-4a9c-9575-4cc34d6eb462,1fe25886-7fa9-427f-9b38-cf358b053d46,LPS20220420,e0e08f55-e023-485d-a48c-99540e838721,2019-08-17,active,,
90f4f7c2-9ebc-44cd-89d1-393bf39b294b,95928b7d-e354-4e91-9db0-ba3c73307e85,LPS20220421,e0e08f55-e023-485d-a48c-99540e838721,2019-05-25,active,,
f24ace02-9d9d-474c-b051-7c882cd1bd14,35486418-a56e-4168-acaa-8d95580e9d7f,LPS20220422,e0e08f55-e023-485d-a48c-99540e838721,2019-05-24,active,,
11b008c9-31ea-4bbe-b5d6-4aa561724d68,cd343c99-b1df-4c80-9482-9d530bbe09ed,LPS20220423,e0e08f55-e023-485d-a48c-99540e838721,2019-08-25,active,,
dc40ce8f-23df-4ada-a960-bcc0741ec2d9,3f7045e0-4ab5-4a65-b2a1-7f111afd9e97,LPS20220424,e0e08f55-e023-485d-a48c-99540e838721,2019-12-15,active,,
5f232004-1f8a-4071-8b81-5268fd5b809e,e08fe5ea-cf4e-486c-82b4-a1a5f4c1f093,LPS20220425,e0e08f55-e023-485d-a48c-99540e838721,2019-06-22,active,,
c06f852e-cb7f-496a-8b0f-47b0e944352a,1769d33d-5f56-4882-a4de-3517d16e9eea,LPS20220426,e0e08f55-e023-485d-a48c-99540e838721,2019-05-19,active,,
5916561e-0a30-40fa-b605-8939c0f4cb75,36bf7e5e-bb1a-40e4-81a4-4de36a004176,LPS20220427,e0e08f55-e023-485d-a48c-99540e838721,2019-10-18,active,,
12140c2e-1dc5-470f-a758-2c575022aabb,90f8b094-270c-49c9-8e08-6da318e263c1,LPS20220428,e0e08f55-e023-485d-a48c-99540e838721,2019-05-10,active,,
501e4be9-35e8-4933-b529-8a2df64de25c,7f759007-d056-493e-b4ff-a37a6ad43bc0,LPS20220429,e0e08f55-e023-485d-a48c-99540e838721,2019-12-26,dropped_out,2024-10-13,Financial difficulties
3382f1a5-bc0b-4378-8943-040be3a0d587,f3c1ddf0-4c83-43b5-9a17-4e31f2aabe95,LPS20220500,ffa58b74-4b35-4220-ae2e-91cea69e77f3,2019-01-15,active,,
ed684cd5-717a-4ab6-9225-92ceb6b593d9,bda1b9b0-3458-418f-bfb1-bc858a51033a,LPS20220501,ffa58b74-4b35-4220-ae2e-91cea69e77f3,2019-12-27,active,,
06d3454b-f85b-41c3-a65a-444731838fe8,a582a3e9-7fc8-49be-b673-4be692b91701,LPS20220502,ffa58b74-4b35-4220-ae2e-91cea69e77f3,2019-07-14,active,,
b60832ba-7cd9-4c02-8560-2ab852392936,b585030b-2d82-4bf4-b200-85dff25f7f1c,LPS20220503,ffa58b74-4b35-4220-ae2e-91cea69e77f3,2019-08-12,active,,
6447f0ef-256a-4827-b489-ff09e897da91,83e2cfb3-bcaa-4360-80b3-6267307a4849,LPS20220504,ffa58b74-4b35-4220-ae2e-91cea69e77f3,2019-06-12,active,,
377242d4-5b7f-44cb-9196-ce34f986dc79,d0759f31-d1a6-40bc-bc45-470fc0c75d3c,LPS20220505,ffa58b74-4b35-4220-ae2e-91cea69e77f3,2019-06-17,active,,
d68c4ef1-13f1-4050-8abd-6f4c589ffe38,9b6a5c2b-2fb3-48f3-8a91-0965985ccef4,LPS20220506,ffa58b74-4b35-4220-ae2e-91cea69e77f3,2019-04-15,active,,
5264cadf-aa1e-4ae8-979b-f1f492234581,1ece4cff-7d49-4b71-bc1b-c481ad4dfc77,LPS20220507,ffa58b74-4b35-4220-ae2e-91cea69e77f3,2019-11-04,active,,
6e49a043-f589-48ce-a624-cd5b536a1139,71363a62-3990-42f7-a8da-c6355f883d5b,LPS20220508,ffa58b74-4b35-4220-ae2e-91cea69e77f3,2019-05-03,active,,
a343e304-e354-44d1-8c66-0e40709c24d2,2491bf09-4c0c-45ce-b8c7-4b95087f94b3,LPS20220509,ffa58b74-4b35-4220-ae2e-91cea69e77f3,2020-01-04,active,,
bb3efcfb-4b29-457d-bb75-2e087260f4d2,06aedc19-280a-4704-9383-2d45f4ec07c4,LPS20220510,ffa58b74-4b35-4220-ae2e-91cea69e77f3,2019-10-17,active,,
fde4968a-9df1-4402-b859-ab65bc87fcad,35b9701a-0538-4559-bdd0-4a01d992adc9,LPS20220511,ffa58b74-4b35-4220-ae2e-91cea69e77f3,2019-02-28,active,,
e14f139d-6296-4f09-a858-ec7333d4e8b3,cbefa77c-a2a1-4b49-91c2-21c3631ed32d,LPS20220512,ffa58b74-4b35-4220-ae2e-91cea69e77f3,2019-09-09,active,,
b6435bef-7549-4bcc-878c-de6db145a5a6,de4cfc7c-86ba-41f9-a5e5-7fff0d0129ab,LPS20220513,ffa58b74-4b35-4220-ae2e-91cea69e77f3,2019-05-16,active,,
9beb665e-583c-4eb9-bc12-e833ed12f240,8c1f90e0-6345-43ed-b111-a32b4241e3ab,LPS20220514,ffa58b74-4b35-4220-ae2e-91cea69e77f3,2019-09-15,active,,
e81a84c1-03ac-4d35-b59e-72838793b922,92da9c8a-b956-4cfc-b727-e0040205318b,LPS20220515,ffa58b74-4b35-4220-ae2e-91cea69e77f3,2019-03-25,active,,
725bd746-1ea1-42f5-9d56-66d730c9082b,9a639a35-d1c8-412f-94e5-0a31de203483,LPS20220516,ffa58b74-4b35-4220-ae2e-91cea69e77f3,2019-05-14,active,,
97d7baef-fb57-4883-bae5-1971de2f2350,57ed5e0a-5e31-4690-a99c-01a846c79526,LPS20220517,ffa58b74-4b35-4220-ae2e-91cea69e77f3,2019-11-08,active,,
5e49660c-71f2-41e3-b451-0852ae73ce6e,d418604d-79d2-44cd-858c-b4af955e19c9,LPS20220518,ffa58b74-4b35-4220-ae2e-91cea69e77f3,2019-08-21,active,,
a00b4471-0fce-418f-b77d-96956f1f90c1,a61d9e4e-4db3-4740-89e1-9cec4587d72b,LPS20220519,ffa58b74-4b35-4220-ae2e-91cea69e77f3,2019-10-25,active,,
2f80e74e-c61a-41d5-b0a5-d91fc8d000d6,efa6dbd5-1d6f-4bbd-81c1-550f8984fed7,LPS20220520,ffa58b74-4b35-4220-ae2e-91cea69e77f3,2019-11-23,active,,
d73532b0-33db-463e-8ed0-81238db9f33b,9ad3e4e8-8e32-40e6-a66e-b9459fc5176d,LPS20220521,ffa58b74-4b35-4220-ae2e-91cea69e77f3,2019-03-28,active,,
d58ab8a9-d214-4e1f-9d4a-081081f0c3a1,394493e6-eb1f-4c3a-bd06-2cfb042e2177,LPS20220522,ffa58b74-4b35-4220-ae2e-91cea69e77f3,2019-03-28,active,,
6c00d639-3052-41b1-ac8d-7b6305e1c570,b554987c-6c30-43dc-a777-771081789376,LPS20220523,ffa58b74-4b35-4220-ae2e-91cea69e77f3,2019-09-04,active,,
2b65483d-a628-45ac-b21b-ea1815f05614,ea44941d-ba95-4edb-84c3-b5e2db846b73,LPS20220524,ffa58b74-4b35-4220-ae2e-91cea69e77f3,2020-01-03,active,,
db8dca4a-6424-4a02-a7e6-6a7f0ca80944,cda4e9a5-f588-4d28-a71e-986eda2b1c35,LPS20220525,ffa58b74-4b35-4220-ae2e-91cea69e77f3,2019-05-22,active,,
ef9e3407-c495-4ae7-9a93-5f80b8eccc14,e1fae1b5-9079-4a46-95a1-234433cf4c6e,LPS20220526,ffa58b74-4b35-4220-ae2e-91cea69e77f3,2019-05-02,active,,
07193d6a-98a1-42b3-bfe1-1e43490028b4,e5e8429c-c9f7-49ca-8708-a2e6f6d0037f,LPS20220527,ffa58b74-4b35-4220-ae2e-91cea69e77f3,2019-02-06,active,,
d8c491d7-f49a-46f3-9161-f6367adadfde,1daf02f2-4c13-4bf8-be72-e88ce2ec25d3,LPS20220528,ffa58b74-4b35-4220-ae2e-91cea69e77f3,2019-06-03,active,,
ca34d029-b1cb-4263-9263-02d0b7cc39c8,9753bb63-2808-44fe-8955-5e711172cadc,LPS20220529,ffa58b74-4b35-4220-ae2e-91cea69e77f3,2019-12-31,active,,
57c5bf2b-4f1a-416f-b1f9-7470ec90cc02,ae66790d-7ba3-4782-8507-49f77813216d,LPS20230600,d733661a-dc8c-45e6-837d-4a49b4da1239,2019-09-16,dropped_out,2024-07-02,Health issues
96bc1d77-39a3-4f1c-a741-c0bd0ab45b3b,9d01889f-4e87-4dca-aeb6-0512805fced0,LPS20230601,d733661a-dc8c-45e6-837d-4a49b4da1239,2019-08-16,active,,
c029582a-aefa-423e-802f-5c0a0db2ac70,c417f930-4d04-45d6-9635-c663a9774e1a,LPS20230602,d733661a-dc8c-45e6-837d-4a49b4da1239,2019-02-22,active,,
791a3d60-8b90-49ae-b73f-36cfe51fddfb,3da16720-70d6-4e8c-b981-3a528a500feb,LPS20230603,d733661a-dc8c-45e6-837d-4a49b4da1239,2019-01-17,active,,
e179d7ab-0b7c-4568-ab3d-a1146ab9911a,c2b05a16-427b-4b56-a6d8-05801dff4d7e,LPS20230604,d733661a-dc8c-45e6-837d-4a49b4da1239,2019-09-04,dropped_out,2024-11-23,Family relocation
bc757f14-9e78-4966-9dc2-7d3ffb33cddd,e225093a-e197-4a73-96f2-dd63287fabb4,LPS20230605,d733661a-dc8c-45e6-837d-4a49b4da1239,2019-08-18,active,,
63297e98-08df-41b8-8263-625382e25276,44f125df-8c09-4162-931f-fe2556931fa9,LPS20230606,d733661a-dc8c-45e6-837d-4a49b4da1239,2019-08-04,active,,
842bb13f-7313-47e7-b462-03380df7c5c3,b70f026c-f5d9-4f3b-a935-e275ca25d1ef,LPS20230607,d733661a-dc8c-45e6-837d-4a49b4da1239,2019-03-30,active,,
8feab767-3a58-48a9-9df3-71137dbfcb2b,cb2176bf-995a-479d-acef-a1757b5d22eb,LPS20230608,d733661a-dc8c-45e6-837d-4a49b4da1239,2019-12-12,active,,
36342ba9-c582-4911-bc16-0895b508c142,6f024ef6-b4be-4252-9689-8c2b04a48395,LPS20230609,d733661a-dc8c-45e6-837d-4a49b4da1239,2019-02-21,active,,
d28094b2-d560-403a-bd45-3fb9e6448cce,012d0f3c-605f-4373-9a54-f259323a95f6,LPS20230610,d733661a-dc8c-45e6-837d-4a49b4da1239,2019-08-01,active,,
7ba53f0a-e16b-4d0b-899b-e13601b05bd0,2c3bd2cf-0ac1-4acc-8ea9-6db89b2beee9,LPS20230611,d733661a-dc8c-45e6-837d-4a49b4da1239,2019-08-06,active,,
9f1a5918-ae22-4a2a-8696-062657b0d7c9,aafc65d0-f964-4d47-8af5-e70623277c42,LPS20230612,d733661a-dc8c-45e6-837d-4a49b4da1239,2019-11-21,active,,
fe5da33b-c5fa-411a-acfc-52e858cda468,8e7abee0-ef7e-4629-a387-9ef68a350f26,LPS20230613,d733661a-dc8c-45e6-837d-4a49b4da1239,2019-04-21,active,,
e7c11694-d80f-4fc3-a483-1b498b0ed5c1,a509de1d-d32c-4d4b-8917-f215320c5e97,LPS20230614,d733661a-dc8c-45e6-837d-4a49b4da1239,2019-08-19,active,,
fdc408f2-1c86-4e91-8346-8756864f648b,626a2016-485f-477e-bf7a-f864b9a0e418,LPS20230615,d733661a-dc8c-45e6-837d-4a49b4da1239,2019-11-14,active,,
fa0661c6-961b-4719-b540-326c6a758be2,0478a935-6de0-4e0d-904d-ff69e2147d14,LPS20230616,d733661a-dc8c-45e6-837d-4a49b4da1239,2019-10-16,active,,
c2176b20-2c11-4fd0-88ee-daee8cd1d9d9,d674d617-1ea4-4651-8d9c-955066c7a15e,LPS20230617,d733661a-dc8c-45e6-837d-4a49b4da1239,2019-05-02,active,,
d96618cf-6a28-405f-88c0-dcc8777beffe,671ea3d3-5c56-4851-98e7-1114ef637c0e,LPS20230618,d733661a-dc8c-45e6-837d-4a49b4da1239,2019-03-26,active,,
3593921f-a792-4985-bd65-3ca311ccc228,9286cd93-84a4-4d28-aff8-929b159042d2,LPS20230619,d733661a-dc8c-45e6-837d-4a49b4da1239,2019-08-07,active,,
64e1992f-1e3c-4a5d-8754-6f18e781fc02,97bddb29-d420-49c3-9cf5-c77ea62f3ece,LPS20230620,d733661a-dc8c-45e6-837d-4a49b4da1239,2019-10-16,active,,
0e8e7804-460e-4535-b7f3-c63ee356b5bb,de7fe306-8297-4d55-b25f-1d7991cf4254,LPS20230621,d733661a-dc8c-45e6-837d-4a49b4da1239,2019-09-24,active,,
264ed993-1aa7-4350-82fb-a7646b183566,c457660b-e6be-4da2-9aba-848f471fd171,LPS20230622,d733661a-dc8c-45e6-837d-4a49b4da1239,2019-06-30,active,,
2b824a90-7dbb-4ed9-ad2a-15b13632c3f0,ffc1adbd-1cdc-45f9-a530-d75c8908c346,LPS20230623,d733661a-dc8c-45e6-837d-4a49b4da1239,2019-11-03,active,,
bc885c4a-5c23-47dd-944b-3960ab6b9d74,ba547760-5df6-4c02-9a0d-491131b4ac08,LPS20230624,d733661a-dc8c-45e6-837d-4a49b4da1239,2019-09-11,active,,
7fbcd5b0-01c6-44aa-a90f-d42442e2ba69,8ab26f2f-1d7e-4ad5-bf5c-1f1687205e02,LPS20230625,d733661a-dc8c-45e6-837d-4a49b4da1239,2019-07-19,active,,
c363cd41-ab95-4fd5-a64e-328e1482ce14,497d41de-aed9-4d89-a409-bc7b0bdfbe1b,LPS20230626,d733661a-dc8c-45e6-837d-4a49b4da1239,2019-10-26,active,,
ad696ed7-8e22-4592-94a7-5272b06d0a51,637cbe61-a058-4dc2-b8ec-5b53ab29f9c5,LPS20230627,d733661a-dc8c-45e6-837d-4a49b4da1239,2019-06-18,active,,
74acb7f3-1592-441b-b4d1-12b4e3426a2e,1cc089c0-0977-44c6-9191-6a7b91007c75,LPS20230628,d733661a-dc8c-45e6-837d-4a49b4da1239,2019-12-06,active,,
ef76da5c-fe12-4c84-b0e7-2e6b77999586,3e697695-ca0c-4a26-8500-22a479ce2479,LPS20230629,d733661a-dc8c-45e6-837d-4a49b4da1239,2019-09-21,active,,
5c74da7d-b0cd-4d06-99c9-0c7a140f7a2b,9c302db6-e716-4c76-8182-95e05e595c48,LPS20230700,360126c3-b97d-4573-b58c-bd67429daa88,2019-10-03,active,,
5666a63f-4751-415a-bed5-146ddb223a7f,b843db33-199f-4793-a3c5-43a1124b195f,LPS20230701,360126c3-b97d-4573-b58c-bd67429daa88,2019-12-08,active,,
f02f9256-94a2-4e24-a83b-c1aa14b66cfa,d6e52211-99e2-41b0-95a1-c6654da4f11f,LPS20230702,360126c3-b97d-4573-b58c-bd67429daa88,2019-06-29,active,,
511090f2-6e84-4018-ba6a-ebe3373308ad,241955a3-1d46-4e7c-9ae7-edd60d0fa53e,LPS20230703,360126c3-b97d-4573-b58c-bd67429daa88,2019-12-18,dropped_out,2024-11-10,Health issues
6a128b0b-635c-40aa-bf7a-1637b6a395f8,140b057b-51c2-4179-8edd-ef1a44b45f06,LPS20230704,360126c3-b97d-4573-b58c-bd67429daa88,2019-10-11,active,,
27864eff-9fab-443b-959c-03c5a364a73b,e8b52b01-8a2a-444c-b7c4-df6cc93db235,LPS20230705,360126c3-b97d-4573-b58c-bd67429daa88,2019-11-26,active,,
64302f6e-0fe0-4a05-ac52-f2e5592b0afe,1ab0c2e3-6a31-4398-95de-6b00193aa79b,LPS20230706,360126c3-b97d-4573-b58c-bd67429daa88,2019-02-26,active,,
052c50c5-a50c-4c65-be00-2325fde9abdf,fd16795a-6d04-48ff-940c-e269c2b5516c,LPS20230707,360126c3-b97d-4573-b58c-bd67429daa88,2019-01-21,active,,
3df946da-da8a-4ac5-ba02-db952a31a3b0,c8ff8027-aff2-4b29-a862-777bf73ef24e,LPS20230708,360126c3-b97d-4573-b58c-bd67429daa88,2019-07-09,active,,
54ea00c6-5e45-47f3-a880-818a08457be6,17931804-9cd4-4063-8330-50bc5d36fb62,LPS20230709,360126c3-b97d-4573-b58c-bd67429daa88,2019-10-05,dropped_out,2024-11-24,Academic struggles
0e944001-3cad-41a4-8d08-9f2258c1083d,a3e20a1f-a21d-4e52-8dfa-764071b7244b,LPS20230710,360126c3-b97d-4573-b58c-bd67429daa88,2019-04-06,active,,
1820cd30-d973-455d-beec-4bff5c5e1ffc,d5899274-665b-455f-bf95-f8289c0d292b,LPS20230711,360126c3-b97d-4573-b58c-bd67429daa88,2019-12-22,active,,
55e76933-4767-4c7e-a4d4-ffe9a133ff98,ffc5e098-ad49-481d-b568-b96553704a0b,LPS20230712,360126c3-b97d-4573-b58c-bd67429daa88,2019-05-05,active,,
f8f9096b-4252-47be-9c62-52b5a833003c,de9ecfa4-ca1e-44ba-8fd8-104198d4a784,LPS20230713,360126c3-b97d-4573-b58c-bd67429daa88,2019-05-17,active,,
790dbc21-0cfa-4a19-9aa5-94d635c65d02,113eea93-c757-455f-bafb-1189d560c6e6,LPS20230714,360126c3-b97d-4573-b58c-bd67429daa88,2019-03-28,active,,
c8880eb7-4c3a-4328-a850-2602a4c8bdc6,a7f9e890-c9eb-4985-8c42-dc19b0978ac0,LPS20230715,360126c3-b97d-4573-b58c-bd67429daa88,2019-06-09,active,,
efaa9c24-73ec-4b0a-b1c0-11fbdfb48fee,8a434212-22d1-4ded-b462-eee812c10f99,LPS20230716,360126c3-b97d-4573-b58c-bd67429daa88,2019-04-18,active,,
e3baeed4-ddeb-4279-a90e-565320ee9a43,4304a12c-2ed4-41f2-9cd2-daafe9e13f40,LPS20230717,360126c3-b97d-4573-b58c-bd67429daa88,2019-07-21,active,,
eaaa7ed8-aa0f-421a-a53f-ca6ac0712437,df9f8735-9717-4eb3-bcd3-4ff9bd013092,LPS20230718,360126c3-b97d-4573-b58c-bd67429daa88,2019-01-18,active,,
5ac0cacf-9b08-4dcf-920d-d41b5ee75cdd,1ea27ea6-d4be-4fd1-88a0-e81855fe5354,LPS20230719,360126c3-b97d-4573-b58c-bd67429daa88,2019-12-24,active,,
fcd3b08b-b9f7-41c3-9fc8-793e85d18dd7,32d06605-3f5c-40fe-a64f-23221b457923,LPS20230720,360126c3-b97d-4573-b58c-bd67429daa88,2019-05-04,active,,
7d7ff025-56af-4a4c-a6f5-0ff4bfb395c3,b4dfef5a-c2cb-48f1-9ced-0d7556765537,LPS20230721,360126c3-b97d-4573-b58c-bd67429daa88,2019-11-20,active,,
f0aa2141-a7cd-4f9c-8b4a-1527b791f9d2,8628b696-dbf7-41ea-a696-35ad58407ebd,LPS20230722,360126c3-b97d-4573-b58c-bd67429daa88,2019-02-25,active,,
323e1432-229a-4216-a1c3-54174b3e1ba6,e85c3182-d005-41bb-bc5c-f1d1fc127999,LPS20230723,360126c3-b97d-4573-b58c-bd67429daa88,2019-10-30,active,,
a48b6cae-0361-4ce9-8dd1-71678ae16832,4f2bc734-3e7a-40a7-83f3-6d7edd00358e,LPS20230724,360126c3-b97d-4573-b58c-bd67429daa88,2019-06-23,active,,
716245e4-f352-4d61-bbf6-8ff33b2423a6,4ca873ed-ac3c-45bb-bb1d-4ab2a7edba84,LPS20230725,360126c3-b97d-4573-b58c-bd67429daa88,2019-10-10,active,,
6e9545e4-73e9-4ce2-adb7-9bda3165fc6a,7e407634-2a61-4887-b76e-f4d05da014de,LPS20230726,360126c3-b97d-4573-b58c-bd67429daa88,2019-04-01,active,,
6a633e52-a61f-45a2-8c65-0618d86c8c6e,4f405fba-af1f-47da-a597-5118e9edcb74,LPS20230727,360126c3-b97d-4573-b58c-bd67429daa88,2019-03-06,active,,
24d4d945-ad7a-4bce-83ab-e50409c1e59d,17001d2d-1b8d-461a-abad-988646d2ed8e,LPS20230728,360126c3-b97d-4573-b58c-bd67429daa88,2019-12-19,active,,
fd2dcb18-a253-493d-908d-711415fc146e,1a2731eb-eae6-418a-923b-b21054628ac6,LPS20230729,360126c3-b97d-4573-b58c-bd67429daa88,2019-07-28,active,,
aec2e205-46f0-4b20-9274-c8e7ee96b00c,91f7c9fc-c52d-4adb-b770-f95e21a37c69,LPS20240800,9b072ad2-54ff-46bc-9bb8-e87eb85dd656,2019-08-27,active,,
ccdaca3f-9ec7-4b4c-9060-f28e1d65ed9a,dcf7a472-1ce7-4c0b-809d-c350480e8394,LPS20240801,9b072ad2-54ff-46bc-9bb8-e87eb85dd656,2019-11-29,active,,
cd898b7b-fa5f-42a3-b904-fe9883a6971b,37fbb0f9-abd0-4e4e-a851-3724c0fde3a4,LPS20240802,9b072ad2-54ff-46bc-9bb8-e87eb85dd656,2019-01-19,active,,
081520da-c095-4393-afb0-65868dd34268,b1543dde-20c4-4018-9809-e068fbdb2cbd,LPS20240803,9b072ad2-54ff-46bc-9bb8-e87eb85dd656,2019-02-08,active,,
1c249fa3-24b6-4b3c-b872-ad985da3b1a7,fee554c8-2f7b-4060-a92a-664e460288d7,LPS20240804,9b072ad2-54ff-46bc-9bb8-e87eb85dd656,2019-03-07,active,,
95f48d90-0f18-4ac9-8b82-9d461f023821,d86ee83e-83b1-46d4-8124-8c160237a6de,LPS20240805,9b072ad2-54ff-46bc-9bb8-e87eb85dd656,2019-09-16,active,,
f078084d-f522-4191-a3ac-836bd85f2225,7697c05c-64d1-45b4-b353-30c4f27284db,LPS20240806,9b072ad2-54ff-46bc-9bb8-e87eb85dd656,2019-03-17,active,,
5569dfcb-d61c-4731-a6f4-5138bbb31683,3acb468a-cb3d-4ed9-9f34-b3f9efcd925b,LPS20240807,9b072ad2-54ff-46bc-9bb8-e87eb85dd656,2019-12-29,active,,
0fadc32c-fa0f-4cd1-8245-fbb86b4e5761,6f12e011-4053-46c1-a509-227a94a2723a,LPS20240808,9b072ad2-54ff-46bc-9bb8-e87eb85dd656,2019-12-08,active,,
cbac4a40-3a8d-4994-87fd-d67816cbc6af,d2d30043-e844-4671-8f1e-d760844e9e74,LPS20240809,9b072ad2-54ff-46bc-9bb8-e87eb85dd656,2019-05-30,active,,
a4d45895-a8a2-496c-ac25-b986511aca18,77936af8-1861-437c-a831-64917d5410d6,LPS20240810,9b072ad2-54ff-46bc-9bb8-e87eb85dd656,2019-08-22,active,,
82229c31-4eb9-4408-b60f-30dd79899124,50c00a42-f66f-49b8-89ef-4da7bf408ef5,LPS20240811,9b072ad2-54ff-46bc-9bb8-e87eb85dd656,2019-12-24,active,,
fbb096f3-8e53-4bfc-bf41-6f5cbbe7c85b,38dea46f-d16e-49da-b7f9-b0af87ad8e88,LPS20240812,9b072ad2-54ff-46bc-9bb8-e87eb85dd656,2019-02-07,active,,
45f29c6e-2cf2-49b4-97ff-1afbf56ea48a,052194f6-8cd9-4971-ba3d-e620b8258ef3,LPS20240813,9b072ad2-54ff-46bc-9bb8-e87eb85dd656,2019-08-27,active,,
7c9dbf25-f81d-4fae-97aa-fdfd494ff965,5d052517-5b1e-4bff-b8e6-b24887314aa2,LPS20240814,9b072ad2-54ff-46bc-9bb8-e87eb85dd656,2019-11-30,active,,
82b6e19e-d328-4c0b-b76a-d855cc730ff7,8b9340a2-26d6-4a7a-9028-56bb7df5a601,LPS20240815,9b072ad2-54ff-46bc-9bb8-e87eb85dd656,2019-03-12,active,,
bea5e8d1-c23a-468e-b435-a6b4d6cf56fe,4f285b58-0b50-43a7-8dae-a78e84e66e3a,LPS20240816,9b072ad2-54ff-46bc-9bb8-e87eb85dd656,2019-11-03,active,,
0b74825c-4797-4940-b5d5-ddb5f9c863a8,6158af93-2f59-460c-bab3-77e020189f4f,LPS20240817,9b072ad2-54ff-46bc-9bb8-e87eb85dd656,2019-11-08,active,,
bba1104a-a978-4889-82cc-46ae02f1e931,a4fcdc4d-87ab-4602-b6c7-c0498ee8091d,LPS20240818,9b072ad2-54ff-46bc-9bb8-e87eb85dd656,2019-10-10,active,,
f2cd647d-86a1-4831-a57a-4f7eb86339e0,934aef30-a88a-4410-ab0c-da375410b185,LPS20240819,9b072ad2-54ff-46bc-9bb8-e87eb85dd656,2019-01-20,active,,
8d3629a9-3d87-42c3-85e7-dd6f778b2254,f97bbdae-980b-4180-80e0-66ef9ab562a5,LPS20240820,9b072ad2-54ff-46bc-9bb8-e87eb85dd656,2019-11-04,active,,
033fc9d8-fda5-43b4-8558-6ffb617c555f,331a7506-dcef-4e2a-8c43-6bd07e099d3f,LPS20240821,9b072ad2-54ff-46bc-9bb8-e87eb85dd656,2019-02-02,active,,
e9c9293b-fc03-4bc6-a596-f868b2bc41dd,defe404d-0ba8-49ea-a59a-5731213f2baa,LPS20240822,9b072ad2-54ff-46bc-9bb8-e87eb85dd656,2019-03-06,active,,
bfa48a4b-9b6e-4b39-94d3-68f26210993d,4898e47e-59e1-4dc9-8303-a0d94bbc80ea,LPS20240823,9b072ad2-54ff-46bc-9bb8-e87eb85dd656,2019-09-26,active,,
5db78747-ae33-4308-b60a-24746819c893,ac60db5b-d511-4993-bc7d-647b50f74d03,LPS20240824,9b072ad2-54ff-46bc-9bb8-e87eb85dd656,2019-11-17,active,,
e33e5d4a-bdac-418c-96db-6b2f1f123a5d,faeea434-5582-4041-9a26-3f677a4e5575,LPS20240825,9b072ad2-54ff-46bc-9bb8-e87eb85dd656,2019-06-10,active,,
642fe3d7-9bbf-4b9d-8007-0cdc83ce7381,7f11ed9d-45dc-42f0-839a-ec0c7e69d8ed,LPS20240826,9b072ad2-54ff-46bc-9bb8-e87eb85dd656,2019-09-09,active,,
c3eb57e0-4059-44a5-90b1-ceff7eccc5f3,7e130fcf-5b60-4fe1-8741-d68ce2620a4a,LPS20240827,9b072ad2-54ff-46bc-9bb8-e87eb85dd656,2020-01-06,active,,
dd7c1213-dcf3-4581-beb5-b6eafee49cc3,dc6f32be-fb58-4f5f-8b45-9562fb9b53e8,LPS20240828,9b072ad2-54ff-46bc-9bb8-e87eb85dd656,2019-11-14,dropped_out,2024-12-10,Academic struggles
5deabd07-714c-421e-8abf-ac66bb905e93,457e0a27-d6c6-4e38-97e0-f169b4ff0e95,LPS20240829,9b072ad2-54ff-46bc-9bb8-e87eb85dd656,2019-11-22,dropped_out,2024-10-10,Financial difficulties
c7e2e681-baf5-4529-b934-b611e6d442a5,a612babb-53cc-4faa-9d58-813ccd11dac7,LPS20240900,1c88b4e8-6f8a-458a-97a8-7a70b8b537e2,2019-06-06,active,,
5592cd16-e36e-47ae-97a7-996c894e74a3,7b2d720e-e01f-4d48-87b7-9329930967ed,LPS20240901,1c88b4e8-6f8a-458a-97a8-7a70b8b537e2,2019-02-26,active,,
4a8d73ea-85f9-4440-b549-8ad7007126f7,8d40b13a-e92c-4b31-9b3b-da54267d7218,LPS20240902,1c88b4e8-6f8a-458a-97a8-7a70b8b537e2,2019-04-27,active,,
a0d811b2-b846-4c0a-a663-81bf97d42372,7423f08d-1df6-45ac-a5ad-4f3d157fb227,LPS20240903,1c88b4e8-6f8a-458a-97a8-7a70b8b537e2,2019-06-29,active,,
d00d7c12-eadd-4f85-847d-b3baa6d9e99c,4c7ae5c9-3290-4ffd-9620-d1e318446728,LPS20240904,1c88b4e8-6f8a-458a-97a8-7a70b8b537e2,2019-06-16,active,,
c72e7141-ce82-4d27-bb19-45bf109f1c96,ad9732f0-314c-42c5-9581-5e5aab456a55,LPS20240905,1c88b4e8-6f8a-458a-97a8-7a70b8b537e2,2019-07-17,active,,
8f4c86fa-c8c4-4cfe-b4c7-f702b606bc02,d6caa76f-5f77-4260-a0d6-e72a04460d79,LPS20240906,1c88b4e8-6f8a-458a-97a8-7a70b8b537e2,2019-02-22,active,,
cc543c32-a38b-484e-b8bb-15ba22c0da0a,eef078bb-76e7-44ae-8056-e2b0d83cfb55,LPS20240907,1c88b4e8-6f8a-458a-97a8-7a70b8b537e2,2019-07-16,active,,
fe7b3519-38d1-4af3-aae4-54616d9158f3,9aa23199-42c6-412b-ad5e-694515307eb0,LPS20240908,1c88b4e8-6f8a-458a-97a8-7a70b8b537e2,2019-10-21,active,,
f5b04cf2-df3e-4ece-a272-d476072a67c7,572d69bf-7528-4707-bb30-47676ecfdc2c,LPS20240909,1c88b4e8-6f8a-458a-97a8-7a70b8b537e2,2019-07-07,active,,
b97421f4-29d3-4ed1-a5b0-0d8344a664e4,e80c60c1-8674-4f4f-bb27-aa37386b1289,LPS20240910,1c88b4e8-6f8a-458a-97a8-7a70b8b537e2,2019-06-15,active,,
1fdbcfdd-8ef2-405c-af7f-6d3943004ace,3b80ca25-bbfd-4109-9081-51e18d8e6381,LPS20240911,1c88b4e8-6f8a-458a-97a8-7a70b8b537e2,2019-04-25,active,,
810de667-2e67-43b6-83d1-27460338fdd4,e8d53465-934e-4dbd-b813-96b364589a75,LPS20240912,1c88b4e8-6f8a-458a-97a8-7a70b8b537e2,2019-03-03,active,,
3674acc5-248c-4e43-8f8d-d002016b9a46,3875c3ad-9c37-4741-aa6f-3bf4fc4f9d56,LPS20240913,1c88b4e8-6f8a-458a-97a8-7a70b8b537e2,2019-05-29,active,,
a7613caa-b7e4-4569-9b96-87111feafdd2,03927919-8644-45c3-866f-18fe4416b399,LPS20240914,1c88b4e8-6f8a-458a-97a8-7a70b8b537e2,2019-11-17,active,,
bfbde162-e1f0-4c39-9ad5-dd8f8d37e045,3a448b4f-3396-466e-8713-446b7744acbe,LPS20240915,1c88b4e8-6f8a-458a-97a8-7a70b8b537e2,2019-01-21,active,,
9d2ee3ec-3f5e-4939-a724-7ed87db725dd,c0beae14-a86c-4cc4-a6e4-0b99b3b471b8,LPS20240916,1c88b4e8-6f8a-458a-97a8-7a70b8b537e2,2019-07-05,active,,
2f28e5ad-7550-4b61-91fb-8aa09f1b302d,de7cd20a-b8af-468f-b8cf-daa094e0aed0,LPS20240917,1c88b4e8-6f8a-458a-97a8-7a70b8b537e2,2019-12-09,active,,
7711c3cd-787f-4018-9fe2-3cf7d9a2ece1,c7b8a980-b5fa-4526-b990-fba39fd519a2,LPS20240918,1c88b4e8-6f8a-458a-97a8-7a70b8b537e2,2019-01-22,active,,
288a1743-4fc4-4b69-9a8c-70bbad22d615,0ea6c972-adc6-41d1-adc4-61aabb7c78cb,LPS20240919,1c88b4e8-6f8a-458a-97a8-7a70b8b537e2,2019-07-18,active,,
e32a3e16-f912-4585-a746-9a672a76027b,7dcf5167-ad15-4800-80f7-387a6ae6aa9d,LPS20240920,1c88b4e8-6f8a-458a-97a8-7a70b8b537e2,2019-07-15,active,,
edc31d18-8aed-4949-8d9c-3860ff576ee3,846683cf-6711-4bff-b072-f6783ee10774,LPS20240921,1c88b4e8-6f8a-458a-97a8-7a70b8b537e2,2019-02-19,active,,
769ef824-f72e-4f24-97b8-20909197fb34,6cc261c5-b48d-4398-a5f5-a60814f9c6d6,LPS20240922,1c88b4e8-6f8a-458a-97a8-7a70b8b537e2,2019-02-01,dropped_out,2024-08-15,Financial difficulties
ed6652f4-6e0b-48a0-a671-dc5dab8949bd,c4113558-30db-48da-a553-148b98ad7cc9,LPS20240923,1c88b4e8-6f8a-458a-97a8-7a70b8b537e2,2019-08-12,active,,
7f8dc558-2b16-484b-a2db-86a598cc5f62,ace3d993-107f-4e9e-b0e4-d6c0d03c9d3d,LPS20240924,1c88b4e8-6f8a-458a-97a8-7a70b8b537e2,2019-05-26,dropped_out,2024-11-01,Personal reasons
acb92781-220d-4362-8cc5-1e807d470791,94cd07ac-b844-4898-97b5-f958a980be05,LPS20240925,1c88b4e8-6f8a-458a-97a8-7a70b8b537e2,2019-08-15,active,,
c9e1c78a-91fb-48a2-9a72-f8af83b654c9,40b3852f-32c5-4298-9bf7-dd503cce69ef,LPS20240926,1c88b4e8-6f8a-458a-97a8-7a70b8b537e2,2019-10-03,active,,
9a5a5cc6-4c6b-4480-82b0-23f278427592,e3993696-68a1-4bee-9287-1f13853a1f26,LPS20240927,1c88b4e8-6f8a-458a-97a8-7a70b8b537e2,2019-11-09,active,,
89f5dbd1-fc6b-4bc7-83d9-e442d9a866db,de87cc51-5fd9-43d4-85a6-004f97c4cdef,LPS20240928,1c88b4e8-6f8a-458a-97a8-7a70b8b537e2,2019-04-25,active,,
5306b52c-f95c-4789-8ab2-cb3bf4fec075,4c151e2f-2788-4bf7-9cc4-3af6bcda12a0,LPS20240929,1c88b4e8-6f8a-458a-97a8-7a70b8b537e2,2019-03-09,active,,
346bf94a-fad3-4d90-bbc5-c859429d7e8d,aecf6f96-ae3c-4ca5-8e7a-09f11da1c474,LPS20251000,9166968d-906f-4adb-ac75-b4ab575bbcd9,2019-03-14,active,,
c6c19288-497c-4d71-9b40-b1dbc5738cad,96c7d8ec-197d-4a5c-b2d9-8acc03a7cc01,LPS20251001,9166968d-906f-4adb-ac75-b4ab575bbcd9,2019-10-20,active,,
76e9822c-6830-4117-8f03-ae62d3fb1284,10c30a10-7d77-4c87-8aef-b989deb8e9d5,LPS20251002,9166968d-906f-4adb-ac75-b4ab575bbcd9,2019-08-18,active,,
e776f9f8-9361-438d-a48d-9d14731e9661,9e0217e6-5584-4c1f-9198-1657d2f9577a,LPS20251003,9166968d-906f-4adb-ac75-b4ab575bbcd9,2019-10-28,active,,
98f5b6fe-a4f4-4e3b-9380-edda25ed490b,d720502d-0d35-4d94-98a5-455a4374fa78,LPS20251004,9166968d-906f-4adb-ac75-b4ab575bbcd9,2019-08-08,active,,
d43d08ca-acd9-40a6-8208-7dc3c4042da6,60cd8a8a-7abc-4f9e-b6d3-f2bc0aae8fdc,LPS20251005,9166968d-906f-4adb-ac75-b4ab575bbcd9,2019-06-22,active,,
fe9ef4e6-73e9-4017-ad81-1531655882b4,e1798085-19e5-4440-974f-593bd131a7ed,LPS20251006,9166968d-906f-4adb-ac75-b4ab575bbcd9,2019-02-21,active,,
c906f45a-90cd-41cc-a535-6316f113647a,aca4370f-c4f7-4d79-9e98-270d954e8fb0,LPS20251007,9166968d-906f-4adb-ac75-b4ab575bbcd9,2019-11-04,active,,
8ff887c0-44e8-4311-b9a0-6f680059036a,24d8e218-46df-44f7-864c-72149de60987,LPS20251008,9166968d-906f-4adb-ac75-b4ab575bbcd9,2019-06-14,active,,
a674daf4-0eb5-4685-b842-137e950ea9a6,40eaf3e4-debf-4764-a3fb-7517c3833ff5,LPS20251009,9166968d-906f-4adb-ac75-b4ab575bbcd9,2019-02-15,active,,
f070bc39-9976-4841-9e8c-daef82e19f19,51b5a1c9-586f-4111-bc38-baa7ff9b08b8,LPS20251010,9166968d-906f-4adb-ac75-b4ab575bbcd9,2019-07-04,active,,
249d9862-a83a-493c-b3f9-f70056352a7f,306c7cd9-6612-49a2-80e8-2147e4591e52,LPS20251011,9166968d-906f-4adb-ac75-b4ab575bbcd9,2019-02-28,active,,
d271c6d0-41da-433f-bae8-f98c1a221f47,62baccf3-fa25-4357-b397-559e463d0c16,LPS20251012,9166968d-906f-4adb-ac75-b4ab575bbcd9,2019-11-11,active,,
e061238c-8f5d-4264-8e3a-acbe6f447eb2,ddd7a0dc-6d21-42ec-aaeb-d8c7e544b7e0,LPS20251013,9166968d-906f-4adb-ac75-b4ab575bbcd9,2019-11-24,active,,
0ee63189-f100-4efd-a793-f31538aa6c1b,bb8f7e2b-f545-43d3-9fb8-c19f26cdefed,LPS20251014,9166968d-906f-4adb-ac75-b4ab575bbcd9,2019-08-24,dropped_out,2024-06-19,Health issues
11940455-a398-4b47-9c54-dc37c6230b99,fa17bbd7-5ae7-44ba-a6f5-95e9fd018651,LPS20251015,9166968d-906f-4adb-ac75-b4ab575bbcd9,2019-08-20,active,,
82a8648e-89c4-4bd5-be1b-f3b3332e643e,c0c9f7ed-1fd9-4fad-959b-23e4ac2bb028,LPS20251016,9166968d-906f-4adb-ac75-b4ab575bbcd9,2019-06-11,active,,
39173068-cbb0-473f-991c-da2604fb51d8,613b1c57-b8f8-4feb-a707-e49726a0756e,LPS20251017,9166968d-906f-4adb-ac75-b4ab575bbcd9,2019-09-23,active,,
97bb16b2-43ef-4f1e-b67b-f53146295ba0,f94f1827-bc90-4645-a948-af311ebe31ef,LPS20251018,9166968d-906f-4adb-ac75-b4ab575bbcd9,2019-01-26,active,,
1d4ed028-14fb-45b7-ab17-53e417083570,ad082214-0008-4cbd-bc5a-b6e4927d1504,LPS20251019,9166968d-906f-4adb-ac75-b4ab575bbcd9,2019-12-03,active,,
e7aa0eb5-94fd-4dd9-9847-924f3bc282ea,403ab63a-0511-45cd-8dbd-9c60e8608075,LPS20251020,9166968d-906f-4adb-ac75-b4ab575bbcd9,2019-07-22,active,,
177a0c43-435d-44b5-8a64-fc6f81057931,b4cfd7b2-fe13-461c-86bc-d10ac70f087e,LPS20251021,9166968d-906f-4adb-ac75-b4ab575bbcd9,2019-08-25,active,,
f158db0b-e0e7-487c-816c-d779051978f8,6434c9b2-22f4-483f-9400-150e254d9483,LPS20251022,9166968d-906f-4adb-ac75-b4ab575bbcd9,2019-09-20,active,,
0167beb9-2976-45fd-891c-6661b0f957b1,801a710d-9e72-4d80-a358-7fc08b9e8566,LPS20251023,9166968d-906f-4adb-ac75-b4ab575bbcd9,2019-07-01,active,,
14d6ffd3-1f49-428e-860f-e5095945816d,b186d34c-adba-48c8-8b94-76b068429684,LPS20251024,9166968d-906f-4adb-ac75-b4ab575bbcd9,2019-01-27,active,,
23e97a08-c091-4b3c-9b11-fc698da96129,b31a9f45-9290-40c7-8abc-d3bf60d2f96f,LPS20251025,9166968d-906f-4adb-ac75-b4ab575bbcd9,2019-10-02,active,,
0d0b67a5-1dc8-456d-910d-8d02b8f08e48,cf0bbe2a-23fa-4926-af8d-77ab38c91eff,LPS20251026,9166968d-906f-4adb-ac75-b4ab575bbcd9,2019-07-24,active,,
9733afd9-9b5a-49d1-85b2-80ace13f9e9c,3a1bb3e9-3341-4558-91d4-8452ccba4ce4,LPS20251027,9166968d-906f-4adb-ac75-b4ab575bbcd9,2019-11-26,active,,
d47d4145-12d7-41d0-9413-ad3fcea0cbac,08e11347-cf11-4843-90be-ac91b26e40ba,LPS20251028,9166968d-906f-4adb-ac75-b4ab575bbcd9,2019-10-19,active,,
0276ecf9-a9fe-4ef7-923a-a4a53feba519,b211fef9-c5fe-425b-af01-f89284d6924f,LPS20251029,9166968d-906f-4adb-ac75-b4ab575bbcd9,2019-11-11,active,,
d109f1b9-11b4-4046-852d-ecc807f74f8e,5794b944-8e27-4e5a-ba73-5e8c75f8a873,LPS20251100,0c9646eb-4872-4a38-9eba-a1864c462f10,2019-12-12,active,,
766b5177-12ef-4846-9755-bb36ad40943b,754dfcb2-3c7d-465e-945a-d1ab5c47486e,LPS20251101,0c9646eb-4872-4a38-9eba-a1864c462f10,2019-12-30,active,,
8e43b6a8-1c74-4ef1-83e6-135806aab6e0,82680841-44fd-4a24-906e-40c8d0b59e81,LPS20251102,0c9646eb-4872-4a38-9eba-a1864c462f10,2019-06-14,active,,
16373c07-f2bb-45d6-b57f-034c3d041d3f,448a35fc-54fd-4010-9e33-0ac819035555,LPS20251103,0c9646eb-4872-4a38-9eba-a1864c462f10,2019-12-16,active,,
b52a2e6c-d7d9-4422-b6a9-3a4691308f2e,3c6e7012-4f91-4d7b-b3cb-409481de178b,LPS20251104,0c9646eb-4872-4a38-9eba-a1864c462f10,2019-09-24,active,,
eb83785b-f7c9-44bd-bcb8-c234bd688244,6bd0266d-ef99-409a-9e60-b2fd1d0407e5,LPS20251105,0c9646eb-4872-4a38-9eba-a1864c462f10,2019-04-09,active,,
2b4fa982-ed79-4d3d-b639-50dc821afdbb,b03862e6-03d7-4e72-a5c9-52a2fa076fed,LPS20251106,0c9646eb-4872-4a38-9eba-a1864c462f10,2019-05-02,active,,
11eb62ba-0aac-4b1f-a6d9-88c1db96acd6,cd572702-12f9-435c-883d-9f3d79292e74,LPS20251107,0c9646eb-4872-4a38-9eba-a1864c462f10,2019-02-27,active,,
94433eff-6d99-4e35-9c2d-da6f3585a592,5ac17a98-f76e-4574-932c-19edf105283f,LPS20251108,0c9646eb-4872-4a38-9eba-a1864c462f10,2019-03-15,active,,
e0571660-8be7-4fdb-a253-a8520839bd2e,34c39b9d-7de5-4b27-8309-9ae2ee21204b,LPS20251109,0c9646eb-4872-4a38-9eba-a1864c462f10,2019-12-27,active,,
738df21a-66e8-4628-81e7-0e9abc625b11,af87f091-4f70-4c4d-b9cc-c13b19cad339,LPS20251110,0c9646eb-4872-4a38-9eba-a1864c462f10,2019-08-05,dropped_out,2024-09-13,Personal reasons
9336c72b-dd25-4528-a346-8daf04941797,0ca651ac-e82c-48b2-88ee-543807fa51fa,LPS20251111,0c9646eb-4872-4a38-9eba-a1864c462f10,2019-06-01,active,,
f958d597-b58c-4a49-9481-af33ac4877a3,6a2aaec4-8ac5-4bb2-b248-5e7e51bcf700,LPS20251112,0c9646eb-4872-4a38-9eba-a1864c462f10,2019-06-14,dropped_out,2024-09-09,Family relocation
7dd8dd87-f775-4098-b529-6864bbd38b08,3531f2ba-51c2-4dbf-b13e-a7528474a5cd,LPS20251113,0c9646eb-4872-4a38-9eba-a1864c462f10,2019-08-20,active,,
92d79425-c2c2-4cf2-b7f2-767eb6edfec7,f1d61148-486f-4704-9b6d-b3eca916c9c6,LPS20251114,0c9646eb-4872-4a38-9eba-a1864c462f10,2019-10-04,active,,
91df6178-4edb-4652-a74a-c66060511918,c25318fb-2a1e-4353-b408-ff833d2d036e,LPS20251115,0c9646eb-4872-4a38-9eba-a1864c462f10,2019-03-18,active,,
9fc10893-e51b-4515-8670-8ac72c9e8689,7843545a-e1d9-4f00-b940-7e520fb72388,LPS20251116,0c9646eb-4872-4a38-9eba-a1864c462f10,2019-07-16,active,,
f09c68c7-88c1-4977-af12-36b236ab9cda,0aadf8f2-bc5c-4ce9-98d9-996c940b62c1,LPS20251117,0c9646eb-4872-4a38-9eba-a1864c462f10,2019-06-01,active,,
58bb4314-1c42-4930-90da-8a19822643b6,7c79a496-bffc-4a44-a2e4-c2e4b48ae99c,LPS20251118,0c9646eb-4872-4a38-9eba-a1864c462f10,2019-09-26,active,,
278f4817-4ed6-491e-ae36-4ebbf4609814,e2dbb18d-ee90-4469-a285-209131b0c046,LPS20251119,0c9646eb-4872-4a38-9eba-a1864c462f10,2019-08-25,active,,
524b605b-c1c5-49cb-8122-4c8716838a58,e5af0c24-919b-4acf-a51e-994d4688327b,LPS20251120,0c9646eb-4872-4a38-9eba-a1864c462f10,2019-07-28,active,,
972abb14-503e-4317-be71-64ea347e1f87,ced563c4-a742-4fe7-971d-e8e6387917e3,LPS20251121,0c9646eb-4872-4a38-9eba-a1864c462f10,2019-07-17,active,,
f9aa8bd1-6adc-42ad-b369-69e2daea1a31,f91dd122-e9bc-4069-bf76-972da7b9e3a6,LPS20251122,0c9646eb-4872-4a38-9eba-a1864c462f10,2020-01-07,active,,
8f5ff179-92d1-4c27-8c4e-72443cb6ad4a,c578f819-4637-4cda-bf37-901d5bb70b88,LPS20251123,0c9646eb-4872-4a38-9eba-a1864c462f10,2019-06-02,active,,
ec712bb3-5c47-4dbf-892b-6175f337a8a6,13fa1232-6c44-47d6-9ebc-a7d010ced69c,LPS20251124,0c9646eb-4872-4a38-9eba-a1864c462f10,2019-11-18,active,,
b5b1ee17-8f8b-4d37-b0d8-c1ad2ea706d7,ca6f557b-0ef2-4ace-bf80-32dc50ed5bde,LPS20251125,0c9646eb-4872-4a38-9eba-a1864c462f10,2019-04-27,active,,
27568949-a40b-40e5-b8ca-7b4f814398e6,9f06e80c-f91f-4030-a76b-15837de6a5b6,LPS20251126,0c9646eb-4872-4a38-9eba-a1864c462f10,2019-08-11,active,,
9f318888-11e0-4956-80a7-f2f03bfe65b4,fb6dc0ca-a8da-4cdd-9c6d-adbccc806309,LPS20251127,0c9646eb-4872-4a38-9eba-a1864c462f10,2019-03-10,active,,
e4e41400-27a2-4c26-9e8d-1340fdd87548,4b7a66f2-481e-4a99-b061-61ef8e39b66e,LPS20251128,0c9646eb-4872-4a38-9eba-a1864c462f10,2019-11-21,active,,
7a73a843-8fd8-43e9-85c6-1a51ce5e3d60,7add74ae-d445-4039-829c-4f0210c698fc,LPS20251129,0c9646eb-4872-4a38-9eba-a1864c462f10,2019-11-08,active,,
