id,student_id,bus_id,pickup_stop_id,dropoff_stop_id,is_active
15b6ffd4-28e4-41b6-9ee7-9434081e0645,9a5a5cc6-4c6b-4480-82b0-23f278427592,f09f3540-6d2a-4cbb-8732-e1e0fb3c7fd1,3845d527-22b8-4bec-8048-ad7099c65aac,3845d527-22b8-4bec-8048-ad7099c65aac,True
1880656f-84e9-4274-bec8-2a4767b0000f,7dd8dd87-f775-4098-b529-6864bbd38b08,f09f3540-6d2a-4cbb-8732-e1e0fb3c7fd1,e541a2d0-a38f-48c4-87e8-e1b315e86e85,e541a2d0-a38f-48c4-87e8-e1b315e86e85,True
7e72fcb9-fb36-44ac-bf3a-857f5a3eb23a,e179d7ab-0b7c-4568-ab3d-a1146ab9911a,38488e49-092d-4a39-99c1-efcab342852d,d61b3bb4-ffac-4078-8f16-52c10e44ae80,d61b3bb4-ffac-4078-8f16-52c10e44ae80,True
f9ad48f1-a641-47b9-9f03-19f69ba3fb2d,fbb096f3-8e53-4bfc-bf41-6f5cbbe7c85b,72f7ca52-a87d-40b9-a4eb-1587a457543b,aea0d1f7-36ee-4145-9e7b-f3e5f19bec2e,aea0d1f7-36ee-4145-9e7b-f3e5f19bec2e,True
5fcb9b52-9047-4f34-b31d-8a57c1598c25,362b71a8-5f8d-4b5d-bddf-abdf34db0071,2c2143cc-a274-4fd2-b81d-45c188f60b03,aea0d1f7-36ee-4145-9e7b-f3e5f19bec2e,aea0d1f7-36ee-4145-9e7b-f3e5f19bec2e,True
20ca0d92-f827-4eb2-8efe-91595345beac,f958d597-b58c-4a49-9481-af33ac4877a3,38488e49-092d-4a39-99c1-efcab342852d,3f23ea69-bcd7-422c-9e78-99e07456e55b,3f23ea69-bcd7-422c-9e78-99e07456e55b,True
7c139968-1803-4a77-88cd-2a0f671ad20e,cc543c32-a38b-484e-b8bb-15ba22c0da0a,2c2143cc-a274-4fd2-b81d-45c188f60b03,1fe727d8-033c-43ca-863c-60c951da23aa,1fe727d8-033c-43ca-863c-60c951da23aa,True
1df0b3fa-e11a-492f-8bae-bcd4ea40e8c0,5306b52c-f95c-4789-8ab2-cb3bf4fec075,0b8f9b4f-b7f0-4c2d-9582-49b2ca9e8f91,a1b6171a-eace-46e7-81f1-4ec8f8265e5b,a1b6171a-eace-46e7-81f1-4ec8f8265e5b,True
4f72e37e-5dc5-4301-9e58-b43835dcaf7e,97360c1a-3268-4ed7-b23e-aa4449558fe2,4779e586-db73-4f2e-87f6-ed5c72fd5371,af52d008-d2c4-4047-8a38-fddba5bace6e,af52d008-d2c4-4047-8a38-fddba5bace6e,True
3b4c5506-e1e8-497a-b86a-6d542327d938,7ba53f0a-e16b-4d0b-899b-e13601b05bd0,12d66af0-8263-4cfc-8cce-cce83e66ef19,50496052-3ced-48a7-8865-7f0170444000,50496052-3ced-48a7-8865-7f0170444000,True
e5e708dc-ebe0-4599-b286-ead2297ad0a5,ca34d029-b1cb-4263-9263-02d0b7cc39c8,72f7ca52-a87d-40b9-a4eb-1587a457543b,af52d008-d2c4-4047-8a38-fddba5bace6e,af52d008-d2c4-4047-8a38-fddba5bace6e,True
95c5a10d-e372-49c3-b29d-e770495566dc,e4e41400-27a2-4c26-9e8d-1340fdd87548,f09f3540-6d2a-4cbb-8732-e1e0fb3c7fd1,1e706fa4-f56f-4a30-98ec-e1f02693654a,1e706fa4-f56f-4a30-98ec-e1f02693654a,True
7db51d15-b222-4cab-a094-c332309fd532,b5b1ee17-8f8b-4d37-b0d8-c1ad2ea706d7,d1521e1c-750b-4e1e-9b4a-c11ba4127b04,50496052-3ced-48a7-8865-7f0170444000,50496052-3ced-48a7-8865-7f0170444000,True
658b50a0-a82a-4ae8-9d08-d48092e7fbb2,288a1743-4fc4-4b69-9a8c-70bbad22d615,d1521e1c-750b-4e1e-9b4a-c11ba4127b04,a88d4ddf-ffdc-4a9e-a573-3fbdcfc09249,a88d4ddf-ffdc-4a9e-a573-3fbdcfc09249,True
7c4cbc1e-1f4a-4e95-9938-a4af7ed9c97a,8feab767-3a58-48a9-9df3-71137dbfcb2b,38488e49-092d-4a39-99c1-efcab342852d,acfbb0f2-9c3c-46cd-9c63-9245e6d7b6db,acfbb0f2-9c3c-46cd-9c63-9245e6d7b6db,True
eda88064-9602-4d3a-b56e-d1661abe4c0b,a49615ad-782c-477a-a4e1-2daf02c56ef8,72f7ca52-a87d-40b9-a4eb-1587a457543b,81b2625a-e8a5-48d2-8c65-6a6073fbfd3a,81b2625a-e8a5-48d2-8c65-6a6073fbfd3a,True
86b97247-ad82-4f18-ab70-19b063fb11b5,8ff887c0-44e8-4311-b9a0-6f680059036a,d1521e1c-750b-4e1e-9b4a-c11ba4127b04,70050e25-2f1f-4e89-b5f6-b0ff825fad6c,70050e25-2f1f-4e89-b5f6-b0ff825fad6c,True
62fc53f9-e6f0-4726-82bd-1d6fdf466670,defc699e-7cdf-43e4-ad44-613d047e92e7,72f7ca52-a87d-40b9-a4eb-1587a457543b,de7e9c5c-c87a-4b1d-9a23-bb1655cb7ea2,de7e9c5c-c87a-4b1d-9a23-bb1655cb7ea2,True
6d008a55-c7fb-4506-8534-2bb5d06a310d,fd2dcb18-a253-493d-908d-711415fc146e,4779e586-db73-4f2e-87f6-ed5c72fd5371,30ff8e9b-b3bf-452c-a685-8d899b40e929,30ff8e9b-b3bf-452c-a685-8d899b40e929,True
38a7673c-47c6-45f2-a217-3a44cae03476,9fc10893-e51b-4515-8670-8ac72c9e8689,ea08ef8a-0c68-4b2c-9b0d-4bdcb39690f7,8f10a7d4-5a4b-4e31-a5d1-948106f90ea1,8f10a7d4-5a4b-4e31-a5d1-948106f90ea1,True
1e6b828c-38df-4137-8549-7ea99773cf1d,842bb13f-7313-47e7-b462-03380df7c5c3,38488e49-092d-4a39-99c1-efcab342852d,2221ccb5-617b-4873-91cf-1c483223de58,2221ccb5-617b-4873-91cf-1c483223de58,True
bc7715ef-7a23-4335-a6b5-a2d759d38da4,d271c6d0-41da-433f-bae8-f98c1a221f47,12d66af0-8263-4cfc-8cce-cce83e66ef19,aea0d1f7-36ee-4145-9e7b-f3e5f19bec2e,aea0d1f7-36ee-4145-9e7b-f3e5f19bec2e,True
2fb5d152-ed90-4ec6-a740-4731e1f53b9f,00a6c55c-68ae-44d3-bd07-c5adf22b2e10,0b8f9b4f-b7f0-4c2d-9582-49b2ca9e8f91,8f10a7d4-5a4b-4e31-a5d1-948106f90ea1,8f10a7d4-5a4b-4e31-a5d1-948106f90ea1,True
8fe3d856-092b-4001-951f-17f57e15b00a,e1d85deb-2b85-43ef-95f2-0cc89dd240eb,38488e49-092d-4a39-99c1-efcab342852d,1fe727d8-033c-43ca-863c-60c951da23aa,1fe727d8-033c-43ca-863c-60c951da23aa,True
f9d5c291-604e-40d5-8b68-06e1868b3bee,a0d811b2-b846-4c0a-a663-81bf97d42372,15fe069c-f39d-4070-a53d-91056b24dc71,1fe727d8-033c-43ca-863c-60c951da23aa,1fe727d8-033c-43ca-863c-60c951da23aa,True
4fbee8a0-d0b9-4b16-81e1-bca35ec0549f,a4d45895-a8a2-496c-ac25-b986511aca18,15fe069c-f39d-4070-a53d-91056b24dc71,354c1e54-6e3d-4eb9-9002-ee453988d044,354c1e54-6e3d-4eb9-9002-ee453988d044,True
15b3312d-cf56-414e-b3e5-19c497bba16d,f158db0b-e0e7-487c-816c-d779051978f8,d1521e1c-750b-4e1e-9b4a-c11ba4127b04,05c152ca-f56b-4308-b98a-50ea807e78f7,05c152ca-f56b-4308-b98a-50ea807e78f7,True
d0ce896b-4b0b-4455-9570-febaa66aa4cc,f0aa2141-a7cd-4f9c-8b4a-1527b791f9d2,0b8f9b4f-b7f0-4c2d-9582-49b2ca9e8f91,1a3942fd-7642-4756-b7ca-bde6965abb6f,1a3942fd-7642-4756-b7ca-bde6965abb6f,True
06f53a91-3e91-4590-8f8d-ef9e6b198c44,48f59332-0a52-4e9a-a969-5a3952a3cc1b,12d66af0-8263-4cfc-8cce-cce83e66ef19,770eddd9-1a25-4f22-8534-81dad0dd60ce,770eddd9-1a25-4f22-8534-81dad0dd60ce,True
d814750e-f47e-4630-b1a8-23d929d80856,6a128b0b-635c-40aa-bf7a-1637b6a395f8,72f7ca52-a87d-40b9-a4eb-1587a457543b,55819daf-85ca-4b64-bf85-7770b17e5d73,55819daf-85ca-4b64-bf85-7770b17e5d73,True
4a355320-1dca-4bc9-8947-c43dbab457b5,54ea00c6-5e45-47f3-a880-818a08457be6,4779e586-db73-4f2e-87f6-ed5c72fd5371,50496052-3ced-48a7-8865-7f0170444000,50496052-3ced-48a7-8865-7f0170444000,True
9f870816-9b6f-48e4-b03d-24aaf0e652c6,92a945aa-d00e-46cc-b579-72cac1396b21,ea08ef8a-0c68-4b2c-9b0d-4bdcb39690f7,2786f364-ab03-41a6-ade7-7f08dac04252,2786f364-ab03-41a6-ade7-7f08dac04252,True
2517e418-2f7d-432a-a378-0a3a56a9f276,3def2aa2-e990-4329-bcdd-67d701aaa434,12d66af0-8263-4cfc-8cce-cce83e66ef19,bfc073a6-3954-4f7e-ab8d-a35a043d2f9f,bfc073a6-3954-4f7e-ab8d-a35a043d2f9f,True
03b13e3d-0627-43b5-a13d-ad0ef28cb649,0513efa8-a7bb-4a84-8df3-bca4deb29883,f09f3540-6d2a-4cbb-8732-e1e0fb3c7fd1,57c523d4-349b-419e-be20-487458ea54a3,57c523d4-349b-419e-be20-487458ea54a3,True
816fa227-9336-4e03-80d3-c1d988c78532,a311c195-0134-4bf2-a66c-f02fde3b846c,2c2143cc-a274-4fd2-b81d-45c188f60b03,d2ed1b33-52e3-4de7-a0e7-49b55d3d1315,d2ed1b33-52e3-4de7-a0e7-49b55d3d1315,True
46e916d6-403c-43de-9340-9042e5d6c39b,d109f1b9-11b4-4046-852d-ecc807f74f8e,2c2143cc-a274-4fd2-b81d-45c188f60b03,d2ed1b33-52e3-4de7-a0e7-49b55d3d1315,d2ed1b33-52e3-4de7-a0e7-49b55d3d1315,True
e692380c-5e4f-4a0c-9083-67553a8c3779,7a5d7e56-e1e3-453e-b390-6e8463f29b93,ea08ef8a-0c68-4b2c-9b0d-4bdcb39690f7,3845d527-22b8-4bec-8048-ad7099c65aac,3845d527-22b8-4bec-8048-ad7099c65aac,True
44fe3b29-9a4a-42b7-bc80-b07741b2149e,ad696ed7-8e22-4592-94a7-5272b06d0a51,0b8f9b4f-b7f0-4c2d-9582-49b2ca9e8f91,2221ccb5-617b-4873-91cf-1c483223de58,2221ccb5-617b-4873-91cf-1c483223de58,True
e13cf715-b3eb-4246-aacc-ce3d102b1dee,7bd462fb-9967-45b1-9206-c450cd695e8b,12d66af0-8263-4cfc-8cce-cce83e66ef19,de7e9c5c-c87a-4b1d-9a23-bb1655cb7ea2,de7e9c5c-c87a-4b1d-9a23-bb1655cb7ea2,True
70a176c5-eae7-4810-b84a-f8b776903483,e32a3e16-f912-4585-a746-9a672a76027b,72f7ca52-a87d-40b9-a4eb-1587a457543b,44d1d45a-3c52-471b-922f-4ad45793da86,44d1d45a-3c52-471b-922f-4ad45793da86,True
7691e23f-e7a3-4a8a-aa03-f88e15c8347c,c7275b0e-c642-4888-bc85-4d4dd0f52b87,0b8f9b4f-b7f0-4c2d-9582-49b2ca9e8f91,43bee828-052b-4efb-a0a0-dc1340e90599,43bee828-052b-4efb-a0a0-dc1340e90599,True
49a8256e-d4a7-4fe0-912f-d26506d33d61,82229c31-4eb9-4408-b60f-30dd79899124,38488e49-092d-4a39-99c1-efcab342852d,bfc073a6-3954-4f7e-ab8d-a35a043d2f9f,bfc073a6-3954-4f7e-ab8d-a35a043d2f9f,True
a90d036b-2cbb-4f31-87e3-226b1d5e5cd6,1e1be730-3dab-4883-bbac-7c52299bf4ac,4779e586-db73-4f2e-87f6-ed5c72fd5371,898397a8-9116-4eb2-8d41-31dd6ad637d7,898397a8-9116-4eb2-8d41-31dd6ad637d7,True
f42be942-17d6-4570-bb6c-848e69b056ff,0e944001-3cad-41a4-8d08-9f2258c1083d,38488e49-092d-4a39-99c1-efcab342852d,acfbb0f2-9c3c-46cd-9c63-9245e6d7b6db,acfbb0f2-9c3c-46cd-9c63-9245e6d7b6db,True
c2fd5489-618f-4699-9f67-8468e2cb3c9c,033fc9d8-fda5-43b4-8558-6ffb617c555f,ea08ef8a-0c68-4b2c-9b0d-4bdcb39690f7,2221ccb5-617b-4873-91cf-1c483223de58,2221ccb5-617b-4873-91cf-1c483223de58,True
24d9911c-44bf-4db4-81c0-4caa9dc0aba3,cce02a22-b42d-4d39-9032-82fd80a2d345,f09f3540-6d2a-4cbb-8732-e1e0fb3c7fd1,70050e25-2f1f-4e89-b5f6-b0ff825fad6c,70050e25-2f1f-4e89-b5f6-b0ff825fad6c,True
6791b057-d9a2-497f-94fb-e66df5e47e07,3674acc5-248c-4e43-8f8d-d002016b9a46,ea08ef8a-0c68-4b2c-9b0d-4bdcb39690f7,7e84ef96-ab61-4096-b34c-26323acc67b6,7e84ef96-ab61-4096-b34c-26323acc67b6,True
dc5c30b7-f92e-43c1-870f-3f1dbe3aa2fe,674b112b-aa3b-4725-a43c-eaf76eb3ba94,d1521e1c-750b-4e1e-9b4a-c11ba4127b04,44d1d45a-3c52-471b-922f-4ad45793da86,44d1d45a-3c52-471b-922f-4ad45793da86,True
32dfb780-28f4-4cab-96d4-43bb3ec4998e,2f80e74e-c61a-41d5-b0a5-d91fc8d000d6,d1521e1c-750b-4e1e-9b4a-c11ba4127b04,57c523d4-349b-419e-be20-487458ea54a3,57c523d4-349b-419e-be20-487458ea54a3,True
1d3b1b8d-1433-49f6-8d9c-9ffaea2e3939,64e1992f-1e3c-4a5d-8754-6f18e781fc02,f09f3540-6d2a-4cbb-8732-e1e0fb3c7fd1,dc2143be-6196-4466-998d-d7c4125a57ea,dc2143be-6196-4466-998d-d7c4125a57ea,True
99575f1e-4212-46bb-8def-6e07212df62a,f8f9096b-4252-47be-9c62-52b5a833003c,72f7ca52-a87d-40b9-a4eb-1587a457543b,55819daf-85ca-4b64-bf85-7770b17e5d73,55819daf-85ca-4b64-bf85-7770b17e5d73,True
6be99370-a39f-41db-a082-5679f217019c,16602159-b3ae-4a33-b017-03148ab676dd,2c2143cc-a274-4fd2-b81d-45c188f60b03,1489a6bb-d9a8-4b9f-a863-8293ea7525b5,1489a6bb-d9a8-4b9f-a863-8293ea7525b5,True
a01badbc-4312-470f-9bc8-5135f6249759,2c2919e5-0dcd-4b76-a923-eaf99f7b26b6,15fe069c-f39d-4070-a53d-91056b24dc71,a1178fe1-1232-44af-8675-ac3f82a76348,a1178fe1-1232-44af-8675-ac3f82a76348,True
ee8f83fd-01e5-4336-9f2c-d5d2c44e75d5,016a27c9-a677-4dc7-a17e-b5dd3122b383,f09f3540-6d2a-4cbb-8732-e1e0fb3c7fd1,472ab9fe-a675-41ae-9e9f-835346d9dc4d,472ab9fe-a675-41ae-9e9f-835346d9dc4d,True
e9d4830b-c359-41fe-9cc7-f0c0417ea518,11940455-a398-4b47-9c54-dc37c6230b99,38488e49-092d-4a39-99c1-efcab342852d,8f10a7d4-5a4b-4e31-a5d1-948106f90ea1,8f10a7d4-5a4b-4e31-a5d1-948106f90ea1,True
e9217046-5bf5-44d7-aca4-381791a1995a,7419ed6c-b885-4696-beaf-107ba46d6ff6,f09f3540-6d2a-4cbb-8732-e1e0fb3c7fd1,ce32c162-cc99-47dd-b521-309363ad1841,ce32c162-cc99-47dd-b521-309363ad1841,True
ffc33813-7f86-4ade-aa2a-5eb54367ac7b,8dcb21f7-fc52-434a-abed-938316fd91aa,f09f3540-6d2a-4cbb-8732-e1e0fb3c7fd1,7dac464e-70d3-42a2-a6c0-0ab5568982d7,7dac464e-70d3-42a2-a6c0-0ab5568982d7,True
9e50e116-60e4-4703-b040-98e0a140967d,dfc95384-6cd7-49cf-9280-a75a13715302,4779e586-db73-4f2e-87f6-ed5c72fd5371,8d5ebd86-abb9-49d5-8ea5-68c19eed030d,8d5ebd86-abb9-49d5-8ea5-68c19eed030d,True
98d0dcaf-7fb3-43dd-af87-350d79df9c79,dd7c1213-dcf3-4581-beb5-b6eafee49cc3,2c2143cc-a274-4fd2-b81d-45c188f60b03,8d5ebd86-abb9-49d5-8ea5-68c19eed030d,8d5ebd86-abb9-49d5-8ea5-68c19eed030d,True
bbf112ec-e8cc-4a28-a66d-c91318223ba6,9733afd9-9b5a-49d1-85b2-80ace13f9e9c,2c2143cc-a274-4fd2-b81d-45c188f60b03,ed71d5c2-fe80-469b-aeae-ed7328485e53,ed71d5c2-fe80-469b-aeae-ed7328485e53,True
da4e848b-754a-4c8c-885b-bf093f7fd368,02b5caa9-cf9a-4d74-b3be-93c14466acc9,0b8f9b4f-b7f0-4c2d-9582-49b2ca9e8f91,d940ea9f-04b1-4000-b6f6-868d89740c97,d940ea9f-04b1-4000-b6f6-868d89740c97,True
01c901e4-7b54-4612-b0fc-b524b9c01e11,bbf1dcbf-3b6e-46cd-a56f-4d5049933014,4779e586-db73-4f2e-87f6-ed5c72fd5371,815f1aac-9195-442c-aa42-ab4b3bee5b5e,815f1aac-9195-442c-aa42-ab4b3bee5b5e,True
391f4b76-ef25-4ad2-a9c9-bea846e38c7f,277be454-bf7f-4714-96aa-be5829495ef1,0b8f9b4f-b7f0-4c2d-9582-49b2ca9e8f91,3845d527-22b8-4bec-8048-ad7099c65aac,3845d527-22b8-4bec-8048-ad7099c65aac,True
a99aa6b6-c613-4ed1-9da4-c4b2c17b2752,023469d1-1843-4322-be65-8673485fa7ea,4779e586-db73-4f2e-87f6-ed5c72fd5371,7dac464e-70d3-42a2-a6c0-0ab5568982d7,7dac464e-70d3-42a2-a6c0-0ab5568982d7,True
77ae6bb4-1f4f-49e6-acd1-5a604cfcf82c,9d2ee3ec-3f5e-4939-a724-7ed87db725dd,12d66af0-8263-4cfc-8cce-cce83e66ef19,34c5e9db-3171-4a4a-98d6-564098e7c37b,34c5e9db-3171-4a4a-98d6-564098e7c37b,True
4727af8c-d4ab-495f-a158-c8d79ec5c77d,9621e790-fd5e-4832-97c2-1efe52645eda,4779e586-db73-4f2e-87f6-ed5c72fd5371,34c5e9db-3171-4a4a-98d6-564098e7c37b,34c5e9db-3171-4a4a-98d6-564098e7c37b,True
d3f8ca9d-8644-434c-b07d-012c8159de8e,c363cd41-ab95-4fd5-a64e-328e1482ce14,15fe069c-f39d-4070-a53d-91056b24dc71,1fe727d8-033c-43ca-863c-60c951da23aa,1fe727d8-033c-43ca-863c-60c951da23aa,True
a7dfce42-959a-49fc-9e12-7f5ebe24610b,17140ed7-6902-4ddf-8b8c-c08c49ea9fee,15fe069c-f39d-4070-a53d-91056b24dc71,ed71d5c2-fe80-469b-aeae-ed7328485e53,ed71d5c2-fe80-469b-aeae-ed7328485e53,True
90e432ef-1dc5-4c25-821f-ee39f8485364,afd990a7-3781-48ec-9633-3ce2d16ac891,f09f3540-6d2a-4cbb-8732-e1e0fb3c7fd1,55819daf-85ca-4b64-bf85-7770b17e5d73,55819daf-85ca-4b64-bf85-7770b17e5d73,True
d902d7ad-63f9-431a-a5f2-b191fc4b75a8,13234cd0-a9ce-42ee-8d91-68c11da28fad,0b8f9b4f-b7f0-4c2d-9582-49b2ca9e8f91,ce639e75-9354-480a-bbba-82c33bdecf35,ce639e75-9354-480a-bbba-82c33bdecf35,True
d44c5eb4-8084-498e-b7ea-e6d4a6505082,30d941f7-ce96-4cbe-9666-630876be06a3,d1521e1c-750b-4e1e-9b4a-c11ba4127b04,0b58c57a-d9a2-40f5-a67d-50b46f70fbc9,0b58c57a-d9a2-40f5-a67d-50b46f70fbc9,True
0763eeeb-0ea6-493c-80a1-77be45d68588,f9aa8bd1-6adc-42ad-b369-69e2daea1a31,ea08ef8a-0c68-4b2c-9b0d-4bdcb39690f7,3845d527-22b8-4bec-8048-ad7099c65aac,3845d527-22b8-4bec-8048-ad7099c65aac,True
ded61fc7-131d-4fe2-b1d0-fe210a8f05bd,82b6e19e-d328-4c0b-b76a-d855cc730ff7,2c2143cc-a274-4fd2-b81d-45c188f60b03,8f10a7d4-5a4b-4e31-a5d1-948106f90ea1,8f10a7d4-5a4b-4e31-a5d1-948106f90ea1,True
0cee09b5-7499-4b83-90d0-e07104f73c13,6329dc6d-5739-4964-8c36-ca1872e915dd,0b8f9b4f-b7f0-4c2d-9582-49b2ca9e8f91,43bee828-052b-4efb-a0a0-dc1340e90599,43bee828-052b-4efb-a0a0-dc1340e90599,True
1270dd02-fce1-485d-91d4-5c21bd2cf574,98f5b6fe-a4f4-4e3b-9380-edda25ed490b,72f7ca52-a87d-40b9-a4eb-1587a457543b,1489a6bb-d9a8-4b9f-a863-8293ea7525b5,1489a6bb-d9a8-4b9f-a863-8293ea7525b5,True
3da4d9aa-0834-4e79-badf-41ce806b0cf1,bc885c4a-5c23-47dd-944b-3960ab6b9d74,4779e586-db73-4f2e-87f6-ed5c72fd5371,3845d527-22b8-4bec-8048-ad7099c65aac,3845d527-22b8-4bec-8048-ad7099c65aac,True
d3075b95-ac99-4ada-ae1c-12136bac7449,3593921f-a792-4985-bd65-3ca311ccc228,2c2143cc-a274-4fd2-b81d-45c188f60b03,3f23ea69-bcd7-422c-9e78-99e07456e55b,3f23ea69-bcd7-422c-9e78-99e07456e55b,True
5c2caac0-ae26-424b-a448-5aff90caec74,c16f4826-ff6c-4736-a56a-d92751192d02,ea08ef8a-0c68-4b2c-9b0d-4bdcb39690f7,d940ea9f-04b1-4000-b6f6-868d89740c97,d940ea9f-04b1-4000-b6f6-868d89740c97,True
2f9b9c7b-a9ea-4663-919c-47dd43642504,7c9dbf25-f81d-4fae-97aa-fdfd494ff965,4779e586-db73-4f2e-87f6-ed5c72fd5371,ce32c162-cc99-47dd-b521-309363ad1841,ce32c162-cc99-47dd-b521-309363ad1841,True
9845e805-4394-4163-afc8-aa55a0b6dc6b,63297e98-08df-41b8-8263-625382e25276,72f7ca52-a87d-40b9-a4eb-1587a457543b,70050e25-2f1f-4e89-b5f6-b0ff825fad6c,70050e25-2f1f-4e89-b5f6-b0ff825fad6c,True
1899b015-621e-460c-a67d-c53b0a59265a,c2176b20-2c11-4fd0-88ee-daee8cd1d9d9,f09f3540-6d2a-4cbb-8732-e1e0fb3c7fd1,1a3942fd-7642-4756-b7ca-bde6965abb6f,1a3942fd-7642-4756-b7ca-bde6965abb6f,True
bb165037-97ed-4bc1-9e45-ce389e15c7bc,5569dfcb-d61c-4731-a6f4-5138bbb31683,15fe069c-f39d-4070-a53d-91056b24dc71,89d7d5af-391b-4c86-a13b-ef43653a62bd,89d7d5af-391b-4c86-a13b-ef43653a62bd,True
04ac9e0f-bda5-4be7-a934-bebdb2f95920,524b605b-c1c5-49cb-8122-4c8716838a58,ea08ef8a-0c68-4b2c-9b0d-4bdcb39690f7,472ab9fe-a675-41ae-9e9f-835346d9dc4d,472ab9fe-a675-41ae-9e9f-835346d9dc4d,True
fceb78eb-9d86-4185-9c2d-990ee3d08dd0,2a6ad038-466c-4028-83e8-a70ce0d0f5ab,12d66af0-8263-4cfc-8cce-cce83e66ef19,57c523d4-349b-419e-be20-487458ea54a3,57c523d4-349b-419e-be20-487458ea54a3,True
681f53ad-935d-4fa2-9a67-db93d0f61e08,5f232004-1f8a-4071-8b81-5268fd5b809e,72f7ca52-a87d-40b9-a4eb-1587a457543b,a1b6171a-eace-46e7-81f1-4ec8f8265e5b,a1b6171a-eace-46e7-81f1-4ec8f8265e5b,True
01ee077a-943a-4729-b982-2c00c1f51459,54440ed8-33f7-4878-91bf-e9906b18d0f0,f09f3540-6d2a-4cbb-8732-e1e0fb3c7fd1,6ac50cff-1645-48e5-98ba-7a1d3f9dcada,6ac50cff-1645-48e5-98ba-7a1d3f9dcada,True
68fe8d4b-70ce-4635-a198-03fb9171a78c,ed684cd5-717a-4ab6-9225-92ceb6b593d9,2c2143cc-a274-4fd2-b81d-45c188f60b03,1fe727d8-033c-43ca-863c-60c951da23aa,1fe727d8-033c-43ca-863c-60c951da23aa,True
d187ac1e-ba0d-4e78-b712-1beeeb5286ca,64302f6e-0fe0-4a05-ac52-f2e5592b0afe,0b8f9b4f-b7f0-4c2d-9582-49b2ca9e8f91,50496052-3ced-48a7-8865-7f0170444000,50496052-3ced-48a7-8865-7f0170444000,True
8a578ec3-c710-4bbb-a850-a3cd47eea7ba,e7aa0eb5-94fd-4dd9-9847-924f3bc282ea,72f7ca52-a87d-40b9-a4eb-1587a457543b,89d7d5af-391b-4c86-a13b-ef43653a62bd,89d7d5af-391b-4c86-a13b-ef43653a62bd,True
33085f7d-eb32-4638-8c52-1930e6d6cba8,96bc1d77-39a3-4f1c-a741-c0bd0ab45b3b,4779e586-db73-4f2e-87f6-ed5c72fd5371,57c523d4-349b-419e-be20-487458ea54a3,57c523d4-349b-419e-be20-487458ea54a3,True
b1c824bc-673b-42ca-a9a9-f2d3a9410015,dfaca38e-b8d9-4ed8-b330-dfaa878ef036,d1521e1c-750b-4e1e-9b4a-c11ba4127b04,a1b6171a-eace-46e7-81f1-4ec8f8265e5b,a1b6171a-eace-46e7-81f1-4ec8f8265e5b,True
92663810-7371-4b86-abd5-b49c6e0b0a3c,6f74847f-8934-405c-84b1-cd45103b6716,2c2143cc-a274-4fd2-b81d-45c188f60b03,aea0d1f7-36ee-4145-9e7b-f3e5f19bec2e,aea0d1f7-36ee-4145-9e7b-f3e5f19bec2e,True
d203ef43-49bc-417b-8596-e25635ad3365,177a0c43-435d-44b5-8a64-fc6f81057931,15fe069c-f39d-4070-a53d-91056b24dc71,de7e9c5c-c87a-4b1d-9a23-bb1655cb7ea2,de7e9c5c-c87a-4b1d-9a23-bb1655cb7ea2,True
8d853a3e-b7d8-450c-9e8c-69af26fe56f3,36d32f74-b218-4373-8093-b4ea9c156a34,72f7ca52-a87d-40b9-a4eb-1587a457543b,acfbb0f2-9c3c-46cd-9c63-9245e6d7b6db,acfbb0f2-9c3c-46cd-9c63-9245e6d7b6db,True
c960f0a9-733f-4f57-82b5-019ee4a131e2,11eb62ba-0aac-4b1f-a6d9-88c1db96acd6,12d66af0-8263-4cfc-8cce-cce83e66ef19,bb30bce8-7cd6-48cc-b67f-a8a6ffeb746b,bb30bce8-7cd6-48cc-b67f-a8a6ffeb746b,True
a330044f-b9b3-449f-9415-dcb919112c58,7f8dc558-2b16-484b-a2db-86a598cc5f62,72f7ca52-a87d-40b9-a4eb-1587a457543b,a1178fe1-1232-44af-8675-ac3f82a76348,a1178fe1-1232-44af-8675-ac3f82a76348,True
87a8c1f6-3629-470c-adbe-58497509655b,361cc46d-cdb0-4470-8d2c-068180ea09e9,4779e586-db73-4f2e-87f6-ed5c72fd5371,8d5ebd86-abb9-49d5-8ea5-68c19eed030d,8d5ebd86-abb9-49d5-8ea5-68c19eed030d,True
42396a0c-2a0b-4258-aa20-202c9f28f4f2,01f96a7e-1c56-414b-9119-c94f9b3e08d7,4779e586-db73-4f2e-87f6-ed5c72fd5371,354c1e54-6e3d-4eb9-9002-ee453988d044,354c1e54-6e3d-4eb9-9002-ee453988d044,True
2427bfb3-1719-4c0a-9914-55df8a1d560d,f078084d-f522-4191-a3ac-836bd85f2225,12d66af0-8263-4cfc-8cce-cce83e66ef19,770eddd9-1a25-4f22-8534-81dad0dd60ce,770eddd9-1a25-4f22-8534-81dad0dd60ce,True
c8405616-a75a-4def-b360-6245aa6ef132,a674daf4-0eb5-4685-b842-137e950ea9a6,12d66af0-8263-4cfc-8cce-cce83e66ef19,fc25c17c-a0f6-4acd-8cfb-f191c5c7f1f6,fc25c17c-a0f6-4acd-8cfb-f191c5c7f1f6,True
62d74e53-8715-42c8-af51-d3d75a48d272,c6488898-8dcf-44fc-8838-274f632d8bc8,0b8f9b4f-b7f0-4c2d-9582-49b2ca9e8f91,e0c47cf9-722b-4a1e-9f16-a048def08131,e0c47cf9-722b-4a1e-9f16-a048def08131,True
fdce736d-085e-43ed-8167-badeb19e1547,998119c8-a82d-42fb-8ade-5abbcd38e379,d1521e1c-750b-4e1e-9b4a-c11ba4127b04,8eb10ff7-917c-4db1-ba3c-515c4b1b0360,8eb10ff7-917c-4db1-ba3c-515c4b1b0360,True
9c30c024-ef9a-43a8-84be-46c68acf8256,5264cadf-aa1e-4ae8-979b-f1f492234581,4779e586-db73-4f2e-87f6-ed5c72fd5371,b5e205d7-cdb8-456e-b4ce-cc627f04e9c8,b5e205d7-cdb8-456e-b4ce-cc627f04e9c8,True
2fdb4b6b-da93-4da4-b74f-8554ba1aa3ec,bfa48a4b-9b6e-4b39-94d3-68f26210993d,2c2143cc-a274-4fd2-b81d-45c188f60b03,472ab9fe-a675-41ae-9e9f-835346d9dc4d,472ab9fe-a675-41ae-9e9f-835346d9dc4d,True
b2661fad-ab88-4ece-810b-24d630873559,a343e304-e354-44d1-8c66-0e40709c24d2,38488e49-092d-4a39-99c1-efcab342852d,acfbb0f2-9c3c-46cd-9c63-9245e6d7b6db,acfbb0f2-9c3c-46cd-9c63-9245e6d7b6db,True
9bb46e46-658f-4ee4-a6e6-e0aa5ddebf97,7414b8bd-6f7d-4e87-8e5c-f8175d796b4f,2c2143cc-a274-4fd2-b81d-45c188f60b03,87c31092-fe07-4187-904a-2240f33a99e2,87c31092-fe07-4187-904a-2240f33a99e2,True
1ccd61d6-23e4-4016-9fd1-5946e18a5803,fde4968a-9df1-4402-b859-ab65bc87fcad,0b8f9b4f-b7f0-4c2d-9582-49b2ca9e8f91,70050e25-2f1f-4e89-b5f6-b0ff825fad6c,70050e25-2f1f-4e89-b5f6-b0ff825fad6c,True
59fb04bf-f365-4565-b6b1-36d0727588d2,4211e4f7-6538-47ae-b17f-9985ac0d62d4,ea08ef8a-0c68-4b2c-9b0d-4bdcb39690f7,2221ccb5-617b-4873-91cf-1c483223de58,2221ccb5-617b-4873-91cf-1c483223de58,True
ca77fafa-23bc-414b-95ee-27bb460928b2,cce11e50-b7a9-487a-af2c-f5a0a270d831,0b8f9b4f-b7f0-4c2d-9582-49b2ca9e8f91,43bee828-052b-4efb-a0a0-dc1340e90599,43bee828-052b-4efb-a0a0-dc1340e90599,True
1ce0c219-222a-4b54-b75d-c36993638758,cb1a7804-4ecb-4748-983d-ef9220aaf693,15fe069c-f39d-4070-a53d-91056b24dc71,8eb10ff7-917c-4db1-ba3c-515c4b1b0360,8eb10ff7-917c-4db1-ba3c-515c4b1b0360,True
ab028bc5-8679-4d22-9896-77d2adf7063d,6a633e52-a61f-45a2-8c65-0618d86c8c6e,f09f3540-6d2a-4cbb-8732-e1e0fb3c7fd1,50496052-3ced-48a7-8865-7f0170444000,50496052-3ced-48a7-8865-7f0170444000,True
351aa515-1e37-4130-95df-6f448b161f4e,ac84045c-0016-41d4-ac41-c38e581622ff,ea08ef8a-0c68-4b2c-9b0d-4bdcb39690f7,70050e25-2f1f-4e89-b5f6-b0ff825fad6c,70050e25-2f1f-4e89-b5f6-b0ff825fad6c,True
83648de5-01db-4896-b160-eebb03d8a069,0e8e7804-460e-4535-b7f3-c63ee356b5bb,72f7ca52-a87d-40b9-a4eb-1587a457543b,81b2625a-e8a5-48d2-8c65-6a6073fbfd3a,81b2625a-e8a5-48d2-8c65-6a6073fbfd3a,True
406029e3-6ec9-46a5-8741-b64ff93e9d86,0fadc32c-fa0f-4cd1-8245-fbb86b4e5761,2c2143cc-a274-4fd2-b81d-45c188f60b03,05c152ca-f56b-4308-b98a-50ea807e78f7,05c152ca-f56b-4308-b98a-50ea807e78f7,True
82ba303a-50d0-409b-9898-739ff0a01410,e14f139d-6296-4f09-a858-ec7333d4e8b3,ea08ef8a-0c68-4b2c-9b0d-4bdcb39690f7,7e84ef96-ab61-4096-b34c-26323acc67b6,7e84ef96-ab61-4096-b34c-26323acc67b6,True
14270267-08aa-4a86-b9bd-9cf340736f12,e81a84c1-03ac-4d35-b59e-72838793b922,d1521e1c-750b-4e1e-9b4a-c11ba4127b04,bb30bce8-7cd6-48cc-b67f-a8a6ffeb746b,bb30bce8-7cd6-48cc-b67f-a8a6ffeb746b,True
d847671d-6884-4246-a2f1-ca3de4f852d4,504ebebf-81cb-428e-b8c3-35cf730e0d61,ea08ef8a-0c68-4b2c-9b0d-4bdcb39690f7,354c1e54-6e3d-4eb9-9002-ee453988d044,354c1e54-6e3d-4eb9-9002-ee453988d044,True
50d2f62a-21ea-4873-9f16-456669ca2448,40abda67-4749-49a8-838b-a7ca554b0ae4,4779e586-db73-4f2e-87f6-ed5c72fd5371,3f23ea69-bcd7-422c-9e78-99e07456e55b,3f23ea69-bcd7-422c-9e78-99e07456e55b,True
e1c40567-7d94-4ffa-ac34-c598036f48a4,791a3d60-8b90-49ae-b73f-36cfe51fddfb,38488e49-092d-4a39-99c1-efcab342852d,43bee828-052b-4efb-a0a0-dc1340e90599,43bee828-052b-4efb-a0a0-dc1340e90599,True
ce274007-3122-4692-b4ba-f17aac2cfa0a,fea9c195-486d-45ed-a145-2c6be74f0159,d1521e1c-750b-4e1e-9b4a-c11ba4127b04,770eddd9-1a25-4f22-8534-81dad0dd60ce,770eddd9-1a25-4f22-8534-81dad0dd60ce,True
7cf6e9c7-097a-4495-83a1-62da0ad2bf88,24d4d945-ad7a-4bce-83ab-e50409c1e59d,38488e49-092d-4a39-99c1-efcab342852d,bb30bce8-7cd6-48cc-b67f-a8a6ffeb746b,bb30bce8-7cd6-48cc-b67f-a8a6ffeb746b,True
4589fcba-627d-4369-963a-20481dd9472b,cb9c7961-91ca-47a1-9d38-533ec436e99a,72f7ca52-a87d-40b9-a4eb-1587a457543b,8f10a7d4-5a4b-4e31-a5d1-948106f90ea1,8f10a7d4-5a4b-4e31-a5d1-948106f90ea1,True
3400a292-9edd-4358-aab8-07b46a902a54,5275eb81-ddb4-4e84-a7d5-cf07c9b9b5c0,f09f3540-6d2a-4cbb-8732-e1e0fb3c7fd1,ed71d5c2-fe80-469b-aeae-ed7328485e53,ed71d5c2-fe80-469b-aeae-ed7328485e53,True
908a334c-abf9-43c0-a1e8-ff74c47e1c01,ef76da5c-fe12-4c84-b0e7-2e6b77999586,72f7ca52-a87d-40b9-a4eb-1587a457543b,e0c47cf9-722b-4a1e-9f16-a048def08131,e0c47cf9-722b-4a1e-9f16-a048def08131,True
d9b6f274-3f6e-4014-bade-06f8b9c96bfd,caf4a55b-f106-4ef8-add5-77d41e44d16d,d1521e1c-750b-4e1e-9b4a-c11ba4127b04,ce639e75-9354-480a-bbba-82c33bdecf35,ce639e75-9354-480a-bbba-82c33bdecf35,True
7ea88557-6a29-4181-a5b9-5b331b29d3bc,8f5ff179-92d1-4c27-8c4e-72443cb6ad4a,4779e586-db73-4f2e-87f6-ed5c72fd5371,898397a8-9116-4eb2-8d41-31dd6ad637d7,898397a8-9116-4eb2-8d41-31dd6ad637d7,True
78bafd74-6739-4e45-b9c1-cb1764f02cbf,c1440b63-b996-4542-9316-5e548948d34b,72f7ca52-a87d-40b9-a4eb-1587a457543b,af52d008-d2c4-4047-8a38-fddba5bace6e,af52d008-d2c4-4047-8a38-fddba5bace6e,True
e513c7ee-1931-44b4-b4d4-0ad0f64ce737,e6c39b1c-aff9-4d2a-af09-5059734b843e,2c2143cc-a274-4fd2-b81d-45c188f60b03,1489a6bb-d9a8-4b9f-a863-8293ea7525b5,1489a6bb-d9a8-4b9f-a863-8293ea7525b5,True
83b15de1-8061-4bd6-9a52-8d0cee929842,1c249fa3-24b6-4b3c-b872-ad985da3b1a7,72f7ca52-a87d-40b9-a4eb-1587a457543b,81b2625a-e8a5-48d2-8c65-6a6073fbfd3a,81b2625a-e8a5-48d2-8c65-6a6073fbfd3a,True
7c21f101-959c-4cb4-a6c7-10a9681f382e,4538c2d6-e85e-41b5-8b00-b6f0eff17959,38488e49-092d-4a39-99c1-efcab342852d,ce32c162-cc99-47dd-b521-309363ad1841,ce32c162-cc99-47dd-b521-309363ad1841,True
116eb463-2486-44d7-a0e8-d39791010251,efaa9c24-73ec-4b0a-b1c0-11fbdfb48fee,d1521e1c-750b-4e1e-9b4a-c11ba4127b04,3f23ea69-bcd7-422c-9e78-99e07456e55b,3f23ea69-bcd7-422c-9e78-99e07456e55b,True
e2b65544-088a-45fc-a82f-0fb31a387e5f,278f4817-4ed6-491e-ae36-4ebbf4609814,4779e586-db73-4f2e-87f6-ed5c72fd5371,e541a2d0-a38f-48c4-87e8-e1b315e86e85,e541a2d0-a38f-48c4-87e8-e1b315e86e85,True
6a06b439-96eb-4a35-80af-aaeb64b3599a,db8dca4a-6424-4a02-a7e6-6a7f0ca80944,38488e49-092d-4a39-99c1-efcab342852d,44d1d45a-3c52-471b-922f-4ad45793da86,44d1d45a-3c52-471b-922f-4ad45793da86,True
41dcb803-5e42-45e8-bb9d-d06454d00415,aec2e205-46f0-4b20-9274-c8e7ee96b00c,0b8f9b4f-b7f0-4c2d-9582-49b2ca9e8f91,30ff8e9b-b3bf-452c-a685-8d899b40e929,30ff8e9b-b3bf-452c-a685-8d899b40e929,True
5428a589-2118-4fcb-92e7-0371f41ec2af,ac27d7d9-aaf7-4f0e-b18b-c450a05e58c5,d1521e1c-750b-4e1e-9b4a-c11ba4127b04,bb30bce8-7cd6-48cc-b67f-a8a6ffeb746b,bb30bce8-7cd6-48cc-b67f-a8a6ffeb746b,True
1b63c3f8-312e-473f-abac-3f02fc5868e7,76e9822c-6830-4117-8f03-ae62d3fb1284,4779e586-db73-4f2e-87f6-ed5c72fd5371,55819daf-85ca-4b64-bf85-7770b17e5d73,55819daf-85ca-4b64-bf85-7770b17e5d73,True
40a59409-cc47-4b8d-bac0-18496c8afac3,29612af5-765a-4bc4-8c5b-56640dd34760,38488e49-092d-4a39-99c1-efcab342852d,81b2625a-e8a5-48d2-8c65-6a6073fbfd3a,81b2625a-e8a5-48d2-8c65-6a6073fbfd3a,True
64abd9c5-10d4-49ec-b841-fd6dd9c5dd59,08835c85-4906-4913-9ebb-d29738171539,0b8f9b4f-b7f0-4c2d-9582-49b2ca9e8f91,70050e25-2f1f-4e89-b5f6-b0ff825fad6c,70050e25-2f1f-4e89-b5f6-b0ff825fad6c,True
01f20489-4e95-4d5b-8981-df941cf7b68d,c906f45a-90cd-41cc-a535-6316f113647a,d1521e1c-750b-4e1e-9b4a-c11ba4127b04,70050e25-2f1f-4e89-b5f6-b0ff825fad6c,70050e25-2f1f-4e89-b5f6-b0ff825fad6c,True
b944c577-08b4-4c37-9ae5-e718bd7e259c,738df21a-66e8-4628-81e7-0e9abc625b11,f09f3540-6d2a-4cbb-8732-e1e0fb3c7fd1,d940ea9f-04b1-4000-b6f6-868d89740c97,d940ea9f-04b1-4000-b6f6-868d89740c97,True
077eb247-47dd-4ea6-84b3-f537522e051b,5a726ec7-3e82-4fa2-a653-aa20463fcfa6,12d66af0-8263-4cfc-8cce-cce83e66ef19,7e84ef96-ab61-4096-b34c-26323acc67b6,7e84ef96-ab61-4096-b34c-26323acc67b6,True
b90cf59e-e2ca-4deb-8840-f7cf46ab22db,14ab2b28-2000-409d-b77b-5f0f9f9a0974,d1521e1c-750b-4e1e-9b4a-c11ba4127b04,a88d4ddf-ffdc-4a9e-a573-3fbdcfc09249,a88d4ddf-ffdc-4a9e-a573-3fbdcfc09249,True
a76a1c54-efd5-461a-a6a6-7d2a96557374,790dbc21-0cfa-4a19-9aa5-94d635c65d02,0b8f9b4f-b7f0-4c2d-9582-49b2ca9e8f91,44d1d45a-3c52-471b-922f-4ad45793da86,44d1d45a-3c52-471b-922f-4ad45793da86,True
c7765f92-0b26-4195-91d1-b18de5786fca,cbac4a40-3a8d-4994-87fd-d67816cbc6af,4779e586-db73-4f2e-87f6-ed5c72fd5371,8f10a7d4-5a4b-4e31-a5d1-948106f90ea1,8f10a7d4-5a4b-4e31-a5d1-948106f90ea1,True
3478820b-3b09-4ead-96e6-729337c3fe3d,97bb16b2-43ef-4f1e-b67b-f53146295ba0,d1521e1c-750b-4e1e-9b4a-c11ba4127b04,ce32c162-cc99-47dd-b521-309363ad1841,ce32c162-cc99-47dd-b521-309363ad1841,True
5d1dbefa-d584-45c4-aa26-6ea9945d1c70,a8fc182f-b8b4-4cb2-a72d-b429d829c278,12d66af0-8263-4cfc-8cce-cce83e66ef19,8f10a7d4-5a4b-4e31-a5d1-948106f90ea1,8f10a7d4-5a4b-4e31-a5d1-948106f90ea1,True
d50cb3b0-29d5-48a1-a7d1-3aaf77036338,224896f0-768f-4736-bdee-fae8cf8c66d8,12d66af0-8263-4cfc-8cce-cce83e66ef19,8f10a7d4-5a4b-4e31-a5d1-948106f90ea1,8f10a7d4-5a4b-4e31-a5d1-948106f90ea1,True
609d01cb-c035-4452-acb4-79050be041c9,e3baeed4-ddeb-4279-a90e-565320ee9a43,2c2143cc-a274-4fd2-b81d-45c188f60b03,7dac464e-70d3-42a2-a6c0-0ab5568982d7,7dac464e-70d3-42a2-a6c0-0ab5568982d7,True
abd4aa07-6e12-4946-84bf-bcc3f2fc9c0b,9336c72b-dd25-4528-a346-8daf04941797,d1521e1c-750b-4e1e-9b4a-c11ba4127b04,8eb10ff7-917c-4db1-ba3c-515c4b1b0360,8eb10ff7-917c-4db1-ba3c-515c4b1b0360,True
fd1d1895-c1d1-4237-8638-ac232be8629c,5ac0cacf-9b08-4dcf-920d-d41b5ee75cdd,ea08ef8a-0c68-4b2c-9b0d-4bdcb39690f7,a1b6171a-eace-46e7-81f1-4ec8f8265e5b,a1b6171a-eace-46e7-81f1-4ec8f8265e5b,True
c14304a2-65ef-46df-a591-03c377effbcb,47095378-e444-4847-8b6b-f71dfbb714fc,15fe069c-f39d-4070-a53d-91056b24dc71,898397a8-9116-4eb2-8d41-31dd6ad637d7,898397a8-9116-4eb2-8d41-31dd6ad637d7,True
3831c4ba-3343-4d1a-a41e-9861be0d2d36,5db78747-ae33-4308-b60a-24746819c893,72f7ca52-a87d-40b9-a4eb-1587a457543b,50496052-3ced-48a7-8865-7f0170444000,50496052-3ced-48a7-8865-7f0170444000,True
014f0af2-7299-4f09-bc9c-61e363069964,74acb7f3-1592-441b-b4d1-12b4e3426a2e,0b8f9b4f-b7f0-4c2d-9582-49b2ca9e8f91,05c152ca-f56b-4308-b98a-50ea807e78f7,05c152ca-f56b-4308-b98a-50ea807e78f7,True
f22633aa-8058-4012-ab3f-7fb88508302a,e776f9f8-9361-438d-a48d-9d14731e9661,15fe069c-f39d-4070-a53d-91056b24dc71,acfbb0f2-9c3c-46cd-9c63-9245e6d7b6db,acfbb0f2-9c3c-46cd-9c63-9245e6d7b6db,True
2044d593-3c2e-4930-8b98-5a2cdeb814af,f24ace02-9d9d-474c-b051-7c882cd1bd14,4779e586-db73-4f2e-87f6-ed5c72fd5371,57c523d4-349b-419e-be20-487458ea54a3,57c523d4-349b-419e-be20-487458ea54a3,True
83c46e76-defd-4882-888f-ce9dabb0dcb2,7a73a843-8fd8-43e9-85c6-1a51ce5e3d60,2c2143cc-a274-4fd2-b81d-45c188f60b03,1e706fa4-f56f-4a30-98ec-e1f02693654a,1e706fa4-f56f-4a30-98ec-e1f02693654a,True
8116cb56-ddd0-4594-aad4-090cf8096b24,bba1104a-a978-4889-82cc-46ae02f1e931,d1521e1c-750b-4e1e-9b4a-c11ba4127b04,0b58c57a-d9a2-40f5-a67d-50b46f70fbc9,0b58c57a-d9a2-40f5-a67d-50b46f70fbc9,True
ccc0dcb0-c27b-4e2a-8d1b-0c596a4baaeb,d797873c-d5dd-4598-96f3-cad2e689a9f3,4779e586-db73-4f2e-87f6-ed5c72fd5371,70050e25-2f1f-4e89-b5f6-b0ff825fad6c,70050e25-2f1f-4e89-b5f6-b0ff825fad6c,True
73866777-ab0f-4e69-82f6-43ae874bdff8,323e1432-229a-4216-a1c3-54174b3e1ba6,72f7ca52-a87d-40b9-a4eb-1587a457543b,1489a6bb-d9a8-4b9f-a863-8293ea7525b5,1489a6bb-d9a8-4b9f-a863-8293ea7525b5,True
0627fede-032a-48ec-b6bd-71a54a3dd486,9beb665e-583c-4eb9-bc12-e833ed12f240,ea08ef8a-0c68-4b2c-9b0d-4bdcb39690f7,dc2143be-6196-4466-998d-d7c4125a57ea,dc2143be-6196-4466-998d-d7c4125a57ea,True
5b83535c-d6e8-4fe3-86fc-e872fe1b1e5a,b023b6a3-6711-47d0-8cf8-bd44df26ef6e,15fe069c-f39d-4070-a53d-91056b24dc71,1489a6bb-d9a8-4b9f-a863-8293ea7525b5,1489a6bb-d9a8-4b9f-a863-8293ea7525b5,True
422a5f8c-e7d8-4950-be0c-f47202290c69,d28094b2-d560-403a-bd45-3fb9e6448cce,72f7ca52-a87d-40b9-a4eb-1587a457543b,bb30bce8-7cd6-48cc-b67f-a8a6ffeb746b,bb30bce8-7cd6-48cc-b67f-a8a6ffeb746b,True
dfcc282f-0366-4022-af1b-65ddc7514968,412cedc4-4232-4fb5-a45d-09ffd2e7d989,72f7ca52-a87d-40b9-a4eb-1587a457543b,1e706fa4-f56f-4a30-98ec-e1f02693654a,1e706fa4-f56f-4a30-98ec-e1f02693654a,True
b2d98f5a-837f-4207-ae74-3c157f1b38fb,264ed993-1aa7-4350-82fb-a7646b183566,0b8f9b4f-b7f0-4c2d-9582-49b2ca9e8f91,3f23ea69-bcd7-422c-9e78-99e07456e55b,3f23ea69-bcd7-422c-9e78-99e07456e55b,True
6160f9b3-e87f-494b-bf19-29eaeac81bdb,9ae73f5a-1585-498c-9d1d-3af42ccc18ca,72f7ca52-a87d-40b9-a4eb-1587a457543b,aea0d1f7-36ee-4145-9e7b-f3e5f19bec2e,aea0d1f7-36ee-4145-9e7b-f3e5f19bec2e,True
398efafe-e9c9-4296-a415-60d5b03fef77,5deabd07-714c-421e-8abf-ac66bb905e93,ea08ef8a-0c68-4b2c-9b0d-4bdcb39690f7,fc25c17c-a0f6-4acd-8cfb-f191c5c7f1f6,fc25c17c-a0f6-4acd-8cfb-f191c5c7f1f6,True
cd6eacf7-be05-44d6-8827-86c23daf4449,766b5177-12ef-4846-9755-bb36ad40943b,0b8f9b4f-b7f0-4c2d-9582-49b2ca9e8f91,30ff8e9b-b3bf-452c-a685-8d899b40e929,30ff8e9b-b3bf-452c-a685-8d899b40e929,True
5d9a1990-0eda-4c0b-90b0-64944224bf2e,bc757f14-9e78-4966-9dc2-7d3ffb33cddd,38488e49-092d-4a39-99c1-efcab342852d,34c5e9db-3171-4a4a-98d6-564098e7c37b,34c5e9db-3171-4a4a-98d6-564098e7c37b,True
3ebe0b67-27fb-426d-9c8c-f1a6a6fababa,324c5043-02af-4a34-be5e-ed82c2de89d9,0b8f9b4f-b7f0-4c2d-9582-49b2ca9e8f91,1e706fa4-f56f-4a30-98ec-e1f02693654a,1e706fa4-f56f-4a30-98ec-e1f02693654a,True
786d3973-7640-4a41-85cf-4d9728ec2476,cd898b7b-fa5f-42a3-b904-fe9883a6971b,72f7ca52-a87d-40b9-a4eb-1587a457543b,e0c47cf9-722b-4a1e-9f16-a048def08131,e0c47cf9-722b-4a1e-9f16-a048def08131,True
18472a0a-b3dd-43c2-a2e1-7397f6565281,b6435bef-7549-4bcc-878c-de6db145a5a6,15fe069c-f39d-4070-a53d-91056b24dc71,acfbb0f2-9c3c-46cd-9c63-9245e6d7b6db,acfbb0f2-9c3c-46cd-9c63-9245e6d7b6db,True
11dc1a2a-3955-4517-af7c-c37828b7ad3b,1c2cf72b-cf85-4fe4-8709-f816928d02de,72f7ca52-a87d-40b9-a4eb-1587a457543b,7e84ef96-ab61-4096-b34c-26323acc67b6,7e84ef96-ab61-4096-b34c-26323acc67b6,True
8bc2e3df-aa26-417a-8b68-7289df5f92c5,3df946da-da8a-4ac5-ba02-db952a31a3b0,f09f3540-6d2a-4cbb-8732-e1e0fb3c7fd1,50496052-3ced-48a7-8865-7f0170444000,50496052-3ced-48a7-8865-7f0170444000,True
9ac4a5a4-6309-4635-a200-b26740f84af5,052c50c5-a50c-4c65-be00-2325fde9abdf,2c2143cc-a274-4fd2-b81d-45c188f60b03,e0c47cf9-722b-4a1e-9f16-a048def08131,e0c47cf9-722b-4a1e-9f16-a048def08131,True
0d120c76-1526-42b2-af61-9a33a2084e12,b52a2e6c-d7d9-4422-b6a9-3a4691308f2e,f09f3540-6d2a-4cbb-8732-e1e0fb3c7fd1,a1b6171a-eace-46e7-81f1-4ec8f8265e5b,a1b6171a-eace-46e7-81f1-4ec8f8265e5b,True
ebaf594f-037d-4dbe-9d3e-a4b7ecc83ba3,0276ecf9-a9fe-4ef7-923a-a4a53feba519,72f7ca52-a87d-40b9-a4eb-1587a457543b,90294719-1905-4644-9df2-f18a562ef017,90294719-1905-4644-9df2-f18a562ef017,True
485d6303-e256-438c-a677-ef1b83413aa7,7711c3cd-787f-4018-9fe2-3cf7d9a2ece1,4779e586-db73-4f2e-87f6-ed5c72fd5371,2786f364-ab03-41a6-ade7-7f08dac04252,2786f364-ab03-41a6-ade7-7f08dac04252,True
bb09a90c-5133-4ea5-b476-3a83379c7e90,6c00d639-3052-41b1-ac8d-7b6305e1c570,f09f3540-6d2a-4cbb-8732-e1e0fb3c7fd1,bfc073a6-3954-4f7e-ab8d-a35a043d2f9f,bfc073a6-3954-4f7e-ab8d-a35a043d2f9f,True
d9bd9009-3028-4631-99d5-a9ff8746d5cf,07193d6a-98a1-42b3-bfe1-1e43490028b4,72f7ca52-a87d-40b9-a4eb-1587a457543b,472ab9fe-a675-41ae-9e9f-835346d9dc4d,472ab9fe-a675-41ae-9e9f-835346d9dc4d,True
b37dc3f7-3dbe-403d-9a5c-64207bd5f9cc,5a5413c9-218b-4e05-9cc3-9d551c0c7969,72f7ca52-a87d-40b9-a4eb-1587a457543b,a1b6171a-eace-46e7-81f1-4ec8f8265e5b,a1b6171a-eace-46e7-81f1-4ec8f8265e5b,True
189ffb67-0019-46f0-8340-52d3722432b8,36342ba9-c582-4911-bc16-0895b508c142,72f7ca52-a87d-40b9-a4eb-1587a457543b,8f10a7d4-5a4b-4e31-a5d1-948106f90ea1,8f10a7d4-5a4b-4e31-a5d1-948106f90ea1,True
9f0b0036-f658-468f-9fb5-51c028601f9c,8d3629a9-3d87-42c3-85e7-dd6f778b2254,ea08ef8a-0c68-4b2c-9b0d-4bdcb39690f7,dc2143be-6196-4466-998d-d7c4125a57ea,dc2143be-6196-4466-998d-d7c4125a57ea,True
9f099b57-aafb-4c25-98f2-e50b6251ca6f,d00d7c12-eadd-4f85-847d-b3baa6d9e99c,f09f3540-6d2a-4cbb-8732-e1e0fb3c7fd1,af52d008-d2c4-4047-8a38-fddba5bace6e,af52d008-d2c4-4047-8a38-fddba5bace6e,True
56f045d2-b0b9-4a04-96c5-444bbdb0c6f6,11b008c9-31ea-4bbe-b5d6-4aa561724d68,72f7ca52-a87d-40b9-a4eb-1587a457543b,81b2625a-e8a5-48d2-8c65-6a6073fbfd3a,81b2625a-e8a5-48d2-8c65-6a6073fbfd3a,True
c9cad993-95d1-4d32-a506-86ebe95e3f45,27864eff-9fab-443b-959c-03c5a364a73b,f09f3540-6d2a-4cbb-8732-e1e0fb3c7fd1,b5e205d7-cdb8-456e-b4ce-cc627f04e9c8,b5e205d7-cdb8-456e-b4ce-cc627f04e9c8,True
ab1be5a9-1ddc-4b7b-a9ce-caf5d7bc29f4,12140c2e-1dc5-470f-a758-2c575022aabb,4779e586-db73-4f2e-87f6-ed5c72fd5371,89d7d5af-391b-4c86-a13b-ef43653a62bd,89d7d5af-391b-4c86-a13b-ef43653a62bd,True
8c44f6a9-2a23-44de-9e57-b0a70123f514,ec712bb3-5c47-4dbf-892b-6175f337a8a6,12d66af0-8263-4cfc-8cce-cce83e66ef19,8d5ebd86-abb9-49d5-8ea5-68c19eed030d,8d5ebd86-abb9-49d5-8ea5-68c19eed030d,True
574d1ff1-a597-4ae7-80a8-845ec8d931d3,a654b3c4-50e2-4e6f-a5ae-6a29204f3853,0b8f9b4f-b7f0-4c2d-9582-49b2ca9e8f91,90294719-1905-4644-9df2-f18a562ef017,90294719-1905-4644-9df2-f18a562ef017,True
bd21f08f-8c11-4969-a941-48656e55498d,1d4ed028-14fb-45b7-ab17-53e417083570,15fe069c-f39d-4070-a53d-91056b24dc71,b5e205d7-cdb8-456e-b4ce-cc627f04e9c8,b5e205d7-cdb8-456e-b4ce-cc627f04e9c8,True
b0685dc8-23a2-438b-8d6e-bdf876f1cbc3,5c74da7d-b0cd-4d06-99c9-0c7a140f7a2b,f09f3540-6d2a-4cbb-8732-e1e0fb3c7fd1,43bee828-052b-4efb-a0a0-dc1340e90599,43bee828-052b-4efb-a0a0-dc1340e90599,True
fbbd9dd6-070c-4efc-9b94-a595a0f48461,aa653a5c-6aad-427e-a103-b588d5386dab,4779e586-db73-4f2e-87f6-ed5c72fd5371,87c31092-fe07-4187-904a-2240f33a99e2,87c31092-fe07-4187-904a-2240f33a99e2,True
2481af7f-4250-4baa-a7b3-3ce6aa14ff46,0d0b67a5-1dc8-456d-910d-8d02b8f08e48,f09f3540-6d2a-4cbb-8732-e1e0fb3c7fd1,8eb10ff7-917c-4db1-ba3c-515c4b1b0360,8eb10ff7-917c-4db1-ba3c-515c4b1b0360,True
6a2b5df1-7e9b-4b29-ae05-79045703ec48,081520da-c095-4393-afb0-65868dd34268,0b8f9b4f-b7f0-4c2d-9582-49b2ca9e8f91,34c5e9db-3171-4a4a-98d6-564098e7c37b,34c5e9db-3171-4a4a-98d6-564098e7c37b,True
6e4301bf-97a5-4eb6-a9c9-43130ad76814,a48b6cae-0361-4ce9-8dd1-71678ae16832,4779e586-db73-4f2e-87f6-ed5c72fd5371,55819daf-85ca-4b64-bf85-7770b17e5d73,55819daf-85ca-4b64-bf85-7770b17e5d73,True
f5040286-b8c2-4916-af15-fb28b218759e,89f5dbd1-fc6b-4bc7-83d9-e442d9a866db,72f7ca52-a87d-40b9-a4eb-1587a457543b,472ab9fe-a675-41ae-9e9f-835346d9dc4d,472ab9fe-a675-41ae-9e9f-835346d9dc4d,True
eda5c62c-92c2-4134-b1a3-d1ac3485ee0f,5666a63f-4751-415a-bed5-146ddb223a7f,f09f3540-6d2a-4cbb-8732-e1e0fb3c7fd1,87c31092-fe07-4187-904a-2240f33a99e2,87c31092-fe07-4187-904a-2240f33a99e2,True
2b8be4e9-ad84-4ce4-b94b-ee727275014e,7c6867ed-fe7b-4caf-9676-6581eaaeeedf,38488e49-092d-4a39-99c1-efcab342852d,8f10a7d4-5a4b-4e31-a5d1-948106f90ea1,8f10a7d4-5a4b-4e31-a5d1-948106f90ea1,True
24afc741-e6e0-48d7-a32a-3001fc137a0e,11c30fd7-f402-4051-9a9c-5b4b79bd80af,0b8f9b4f-b7f0-4c2d-9582-49b2ca9e8f91,6ac50cff-1645-48e5-98ba-7a1d3f9dcada,6ac50cff-1645-48e5-98ba-7a1d3f9dcada,True
327258db-2c4c-4f14-afdf-161613b10a4c,377242d4-5b7f-44cb-9196-ce34f986dc79,f09f3540-6d2a-4cbb-8732-e1e0fb3c7fd1,472ab9fe-a675-41ae-9e9f-835346d9dc4d,472ab9fe-a675-41ae-9e9f-835346d9dc4d,True
6d598ba4-ab23-4152-8ee3-7667a2ad6a77,12c01558-f8bf-4ba7-91db-723a01d30eed,12d66af0-8263-4cfc-8cce-cce83e66ef19,ce32c162-cc99-47dd-b521-309363ad1841,ce32c162-cc99-47dd-b521-309363ad1841,True
5ae6dc8c-bc06-4787-a390-1e7cf3e56142,91be399d-3a79-40b5-8f7c-8f35feaa215b,72f7ca52-a87d-40b9-a4eb-1587a457543b,770eddd9-1a25-4f22-8534-81dad0dd60ce,770eddd9-1a25-4f22-8534-81dad0dd60ce,True
c06e2746-1935-407d-b2fb-a4cc56919955,61586fbe-30bb-4e76-827e-693fc056ff22,d1521e1c-750b-4e1e-9b4a-c11ba4127b04,dc2143be-6196-4466-998d-d7c4125a57ea,dc2143be-6196-4466-998d-d7c4125a57ea,True
d5726245-0a27-421c-ae64-031b184d1357,b7b42099-a532-4dba-bf6f-79733ea6534a,12d66af0-8263-4cfc-8cce-cce83e66ef19,354c1e54-6e3d-4eb9-9002-ee453988d044,354c1e54-6e3d-4eb9-9002-ee453988d044,True
b302fbfc-67b5-43e0-978a-c588d68e2e6d,7067c753-dcbd-41fb-9124-fa31aafadeb2,0b8f9b4f-b7f0-4c2d-9582-49b2ca9e8f91,81b2625a-e8a5-48d2-8c65-6a6073fbfd3a,81b2625a-e8a5-48d2-8c65-6a6073fbfd3a,True
4a94d317-d1b9-4102-8def-5390bee77666,e7c11694-d80f-4fc3-a483-1b498b0ed5c1,ea08ef8a-0c68-4b2c-9b0d-4bdcb39690f7,8eb10ff7-917c-4db1-ba3c-515c4b1b0360,8eb10ff7-917c-4db1-ba3c-515c4b1b0360,True
a71c628f-f24a-4ecd-8ccb-270758f3dbea,38e836d5-062d-475f-bda1-15955a075ec1,ea08ef8a-0c68-4b2c-9b0d-4bdcb39690f7,90294719-1905-4644-9df2-f18a562ef017,90294719-1905-4644-9df2-f18a562ef017,True
fd163eba-f42f-4597-b8b8-e2b6d24de633,2f28e5ad-7550-4b61-91fb-8aa09f1b302d,0b8f9b4f-b7f0-4c2d-9582-49b2ca9e8f91,8d5ebd86-abb9-49d5-8ea5-68c19eed030d,8d5ebd86-abb9-49d5-8ea5-68c19eed030d,True
8e32d38d-3036-46b3-b794-368a19aed1fb,fdc408f2-1c86-4e91-8346-8756864f648b,15fe069c-f39d-4070-a53d-91056b24dc71,05c152ca-f56b-4308-b98a-50ea807e78f7,05c152ca-f56b-4308-b98a-50ea807e78f7,True
3e83a88e-b0e6-404c-9f7d-39b8a0f2bbfc,f9699e4d-7b5d-4464-b25e-2cd44ad8227d,12d66af0-8263-4cfc-8cce-cce83e66ef19,89d7d5af-391b-4c86-a13b-ef43653a62bd,89d7d5af-391b-4c86-a13b-ef43653a62bd,True
4b2532a9-72dd-4188-a41a-46ae3487e76f,2b4fa982-ed79-4d3d-b639-50dc821afdbb,d1521e1c-750b-4e1e-9b4a-c11ba4127b04,2786f364-ab03-41a6-ade7-7f08dac04252,2786f364-ab03-41a6-ade7-7f08dac04252,True
db95f829-060d-409e-ac4b-c61440fa5378,1fdbcfdd-8ef2-405c-af7f-6d3943004ace,f09f3540-6d2a-4cbb-8732-e1e0fb3c7fd1,d940ea9f-04b1-4000-b6f6-868d89740c97,d940ea9f-04b1-4000-b6f6-868d89740c97,True
a64dd756-44dd-49d7-96ca-2cef4d4dc42c,9f777e45-868d-47ed-bebc-4e32a75bb6ea,2c2143cc-a274-4fd2-b81d-45c188f60b03,89d7d5af-391b-4c86-a13b-ef43653a62bd,89d7d5af-391b-4c86-a13b-ef43653a62bd,True
ffe596a4-12b9-4f4c-afc4-b3cde8d50cab,0ee63189-f100-4efd-a793-f31538aa6c1b,4779e586-db73-4f2e-87f6-ed5c72fd5371,1e706fa4-f56f-4a30-98ec-e1f02693654a,1e706fa4-f56f-4a30-98ec-e1f02693654a,True
090d1d26-147c-4c6a-bfdd-7234fa65b543,725bd746-1ea1-42f5-9d56-66d730c9082b,ea08ef8a-0c68-4b2c-9b0d-4bdcb39690f7,d940ea9f-04b1-4000-b6f6-868d89740c97,d940ea9f-04b1-4000-b6f6-868d89740c97,True
80b03a88-04ba-4185-825d-16d0db161a91,d96618cf-6a28-405f-88c0-dcc8777beffe,72f7ca52-a87d-40b9-a4eb-1587a457543b,472ab9fe-a675-41ae-9e9f-835346d9dc4d,472ab9fe-a675-41ae-9e9f-835346d9dc4d,True
a43b853f-37da-4d20-b1f2-48d20945fbd4,48f71c24-143d-4acd-8ca1-9a7b3a844535,12d66af0-8263-4cfc-8cce-cce83e66ef19,57c523d4-349b-419e-be20-487458ea54a3,57c523d4-349b-419e-be20-487458ea54a3,True
2957a0bd-dbd4-4bb4-a6a6-e5f3b5c591e5,d78edf6e-09ec-4603-81d6-70d51d08ea77,4779e586-db73-4f2e-87f6-ed5c72fd5371,af52d008-d2c4-4047-8a38-fddba5bace6e,af52d008-d2c4-4047-8a38-fddba5bace6e,True
013361dd-3b17-4d44-bf3d-7479248e0530,f066bf97-59f8-46d5-8d40-ef36f820f04a,2c2143cc-a274-4fd2-b81d-45c188f60b03,aea0d1f7-36ee-4145-9e7b-f3e5f19bec2e,aea0d1f7-36ee-4145-9e7b-f3e5f19bec2e,True
06e53ea2-0805-4239-9184-4ef9c438ddcf,0b74825c-4797-4940-b5d5-ddb5f9c863a8,12d66af0-8263-4cfc-8cce-cce83e66ef19,d61b3bb4-ffac-4078-8f16-52c10e44ae80,d61b3bb4-ffac-4078-8f16-52c10e44ae80,True
145a0840-6345-4373-98b5-08d08a5169f1,d73532b0-33db-463e-8ed0-81238db9f33b,d1521e1c-750b-4e1e-9b4a-c11ba4127b04,90294719-1905-4644-9df2-f18a562ef017,90294719-1905-4644-9df2-f18a562ef017,True
187af75e-0af1-418d-990b-02b717cdb690,7fbcd5b0-01c6-44aa-a90f-d42442e2ba69,ea08ef8a-0c68-4b2c-9b0d-4bdcb39690f7,1fe727d8-033c-43ca-863c-60c951da23aa,1fe727d8-033c-43ca-863c-60c951da23aa,True
8cf8ff4f-6d5c-40f2-807f-7b6af44ba982,c7e2e681-baf5-4529-b934-b611e6d442a5,ea08ef8a-0c68-4b2c-9b0d-4bdcb39690f7,70050e25-2f1f-4e89-b5f6-b0ff825fad6c,70050e25-2f1f-4e89-b5f6-b0ff825fad6c,True
a28a6e78-9e22-4689-a7ab-6e3b1a651c61,39c57bdb-fb26-4a24-8a99-15e09948123a,2c2143cc-a274-4fd2-b81d-45c188f60b03,43bee828-052b-4efb-a0a0-dc1340e90599,43bee828-052b-4efb-a0a0-dc1340e90599,True
f86939ec-f932-4bd8-a833-9eb01a9ba4ef,80e40fa3-8a8c-473b-a6e5-224f3d62ec31,2c2143cc-a274-4fd2-b81d-45c188f60b03,7dac464e-70d3-42a2-a6c0-0ab5568982d7,7dac464e-70d3-42a2-a6c0-0ab5568982d7,True
52435642-6b71-4520-8a11-d021bf107fbc,5e49660c-71f2-41e3-b451-0852ae73ce6e,2c2143cc-a274-4fd2-b81d-45c188f60b03,1e706fa4-f56f-4a30-98ec-e1f02693654a,1e706fa4-f56f-4a30-98ec-e1f02693654a,True
69b6e7a9-070e-4921-b1e9-7bfdc4f48e04,9f318888-11e0-4956-80a7-f2f03bfe65b4,72f7ca52-a87d-40b9-a4eb-1587a457543b,8eb10ff7-917c-4db1-ba3c-515c4b1b0360,8eb10ff7-917c-4db1-ba3c-515c4b1b0360,True
21ac9c62-312e-469b-a667-72327910bfc8,501e4be9-35e8-4933-b529-8a2df64de25c,0b8f9b4f-b7f0-4c2d-9582-49b2ca9e8f91,acfbb0f2-9c3c-46cd-9c63-9245e6d7b6db,acfbb0f2-9c3c-46cd-9c63-9245e6d7b6db,True
f751295d-733f-4509-8f39-9eeec7f11da5,8f4c86fa-c8c4-4cfe-b4c7-f702b606bc02,d1521e1c-750b-4e1e-9b4a-c11ba4127b04,3845d527-22b8-4bec-8048-ad7099c65aac,3845d527-22b8-4bec-8048-ad7099c65aac,True
ce87727a-09de-454a-aa8e-83b61963faa8,810de667-2e67-43b6-83d1-27460338fdd4,f09f3540-6d2a-4cbb-8732-e1e0fb3c7fd1,b5e205d7-cdb8-456e-b4ce-cc627f04e9c8,b5e205d7-cdb8-456e-b4ce-cc627f04e9c8,True
9d1f68f1-75d8-4107-a551-a54ab2f4fc10,bed9419b-b0a3-40a3-aa32-5e574c68e381,d1521e1c-750b-4e1e-9b4a-c11ba4127b04,7e84ef96-ab61-4096-b34c-26323acc67b6,7e84ef96-ab61-4096-b34c-26323acc67b6,True
92e6ba25-df52-41c5-a39a-b0e03f26222a,249d9862-a83a-493c-b3f9-f70056352a7f,72f7ca52-a87d-40b9-a4eb-1587a457543b,ce639e75-9354-480a-bbba-82c33bdecf35,ce639e75-9354-480a-bbba-82c33bdecf35,True
971a6eec-8437-45a5-bab7-9ff475a2cdb5,408e6758-7e6c-4455-84ec-48205302f875,f09f3540-6d2a-4cbb-8732-e1e0fb3c7fd1,0b58c57a-d9a2-40f5-a67d-50b46f70fbc9,0b58c57a-d9a2-40f5-a67d-50b46f70fbc9,True
b41df55f-fcf4-44fd-a45b-7d5994e5e0dc,91df6178-4edb-4652-a74a-c66060511918,4779e586-db73-4f2e-87f6-ed5c72fd5371,aea0d1f7-36ee-4145-9e7b-f3e5f19bec2e,aea0d1f7-36ee-4145-9e7b-f3e5f19bec2e,True
efd1683e-fb86-46df-adbc-64cb6aecf20e,dc40ce8f-23df-4ada-a960-bcc0741ec2d9,72f7ca52-a87d-40b9-a4eb-1587a457543b,d2ed1b33-52e3-4de7-a0e7-49b55d3d1315,d2ed1b33-52e3-4de7-a0e7-49b55d3d1315,True
b908fb49-113f-418b-bea9-0aea925f6429,c029582a-aefa-423e-802f-5c0a0db2ac70,d1521e1c-750b-4e1e-9b4a-c11ba4127b04,6ac50cff-1645-48e5-98ba-7a1d3f9dcada,6ac50cff-1645-48e5-98ba-7a1d3f9dcada,True
7c084722-9b7e-4fdc-8f39-6847b2b83235,4a1b5aa9-62bb-46b9-a172-d6fb8b9a90f2,2c2143cc-a274-4fd2-b81d-45c188f60b03,b5e205d7-cdb8-456e-b4ce-cc627f04e9c8,b5e205d7-cdb8-456e-b4ce-cc627f04e9c8,True
fc0701d3-d1df-482b-afc3-2da3cd1df312,643bd4f4-4832-4edc-949e-1d68a504016e,38488e49-092d-4a39-99c1-efcab342852d,87c31092-fe07-4187-904a-2240f33a99e2,87c31092-fe07-4187-904a-2240f33a99e2,True
38921b69-699b-4618-a4a0-078b88b85762,7cad5eb9-6c07-47f3-a30b-8eab7cef01d8,12d66af0-8263-4cfc-8cce-cce83e66ef19,815f1aac-9195-442c-aa42-ab4b3bee5b5e,815f1aac-9195-442c-aa42-ab4b3bee5b5e,True
771b4897-8aa9-4a32-b5c8-e2c7a409ecf9,82a8648e-89c4-4bd5-be1b-f3b3332e643e,4779e586-db73-4f2e-87f6-ed5c72fd5371,bfc073a6-3954-4f7e-ab8d-a35a043d2f9f,bfc073a6-3954-4f7e-ab8d-a35a043d2f9f,True
76a08c86-2a91-4e90-b785-c61de699671d,57c5bf2b-4f1a-416f-b1f9-7470ec90cc02,f09f3540-6d2a-4cbb-8732-e1e0fb3c7fd1,fc25c17c-a0f6-4acd-8cfb-f191c5c7f1f6,fc25c17c-a0f6-4acd-8cfb-f191c5c7f1f6,True
b4cbf32b-c02c-4005-86d1-6f47cd10c77c,e33e5d4a-bdac-418c-96db-6b2f1f123a5d,f09f3540-6d2a-4cbb-8732-e1e0fb3c7fd1,d940ea9f-04b1-4000-b6f6-868d89740c97,d940ea9f-04b1-4000-b6f6-868d89740c97,True
05b57cee-5f21-4c30-bbab-53d8a5cf3d27,8fc93636-15f3-456a-adbb-11dc1894930f,f09f3540-6d2a-4cbb-8732-e1e0fb3c7fd1,e0c47cf9-722b-4a1e-9f16-a048def08131,e0c47cf9-722b-4a1e-9f16-a048def08131,True
80152a96-3f62-4e65-afa6-c17fea08ad6f,d47d4145-12d7-41d0-9413-ad3fcea0cbac,d1521e1c-750b-4e1e-9b4a-c11ba4127b04,44d1d45a-3c52-471b-922f-4ad45793da86,44d1d45a-3c52-471b-922f-4ad45793da86,True
cd9fcad8-8501-45e5-93b7-be197319e5a8,97d7baef-fb57-4883-bae5-1971de2f2350,15fe069c-f39d-4070-a53d-91056b24dc71,57c523d4-349b-419e-be20-487458ea54a3,57c523d4-349b-419e-be20-487458ea54a3,True
5925b427-be4b-48b6-89b9-edd01236eb0d,c6c19288-497c-4d71-9b40-b1dbc5738cad,15fe069c-f39d-4070-a53d-91056b24dc71,e0c47cf9-722b-4a1e-9f16-a048def08131,e0c47cf9-722b-4a1e-9f16-a048def08131,True
d62eecd6-8a53-4425-b66f-f9f737e81c0c,c9e1c78a-91fb-48a2-9a72-f8af83b654c9,ea08ef8a-0c68-4b2c-9b0d-4bdcb39690f7,70050e25-2f1f-4e89-b5f6-b0ff825fad6c,70050e25-2f1f-4e89-b5f6-b0ff825fad6c,True
d5b805f2-1803-476f-8440-7ed5c4590356,386d1b00-1c43-42fd-a320-58288a95ed47,f09f3540-6d2a-4cbb-8732-e1e0fb3c7fd1,770eddd9-1a25-4f22-8534-81dad0dd60ce,770eddd9-1a25-4f22-8534-81dad0dd60ce,True
bf679778-7f36-4af3-b1a0-82ff33dd52d5,bfbde162-e1f0-4c39-9ad5-dd8f8d37e045,38488e49-092d-4a39-99c1-efcab342852d,ce639e75-9354-480a-bbba-82c33bdecf35,ce639e75-9354-480a-bbba-82c33bdecf35,True
6018cb4d-5791-48a4-ba3e-fc2a6a597f05,1820cd30-d973-455d-beec-4bff5c5e1ffc,15fe069c-f39d-4070-a53d-91056b24dc71,2786f364-ab03-41a6-ade7-7f08dac04252,2786f364-ab03-41a6-ade7-7f08dac04252,True
00526273-780f-4f4b-9463-4d397f0e47aa,d27cdb49-a2c6-4a2e-934a-3dce7a77ea21,4779e586-db73-4f2e-87f6-ed5c72fd5371,50496052-3ced-48a7-8865-7f0170444000,50496052-3ced-48a7-8865-7f0170444000,True
8787126c-2310-4c29-b6bd-2b33d9094dbb,511090f2-6e84-4018-ba6a-ebe3373308ad,d1521e1c-750b-4e1e-9b4a-c11ba4127b04,d940ea9f-04b1-4000-b6f6-868d89740c97,d940ea9f-04b1-4000-b6f6-868d89740c97,True
